static const char kernel_config_data[] __used = MAGIC_START
	"\x1f\x8b\x08\x00\x00\x00\x00\x00\x02\x03\x94\x3c\x4b\x77\xdb\x36"
	"\xb3\xfb\xfe\x0a\x9d\xe4\x2e\xee\x5d\x34\x91\x6c\xc5\x76\xce\x3d"
	"\x5e\x80\x24\x28\xa1\x22\x09\x1a\x00\x25\xdb\x1b\x1e\xc5\x56\x52"
	"\x9f\x3a\x92\x3f\x49\x4e\x9b\x7f\xff\xcd\x00\x7c\x00\x24\x28\xa7"
	"\x5d\xb8\x21\x66\x30\x78\x0d\xe6\x0d\xbd\xff\xed\xfd\x88\xbc\x1e"
	"\x77\xdf\xd7\xc7\xa7\x87\xf5\xf3\xf3\xcf\xd1\xb7\xcd\x76\xb3\x5f"
	"\x1f\x37\x8f\xa3\xaf\x4f\xcf\x9b\xff\x1f\x45\x7c\x94\x71\x35\xa2"
	"\x11\x53\x1f\x00\x39\x79\xda\xbe\xfe\xf3\x71\xbd\xff\x7e\x31\x1d"
	"\x4d\x3f\x4c\xa6\x1f\xce\x3f\x5d\xfe\xbe\x7b\x81\x4e\xcf\xeb\xd1"
	"\x62\xb3\x87\xff\x8f\xc2\xdd\xf6\xeb\xd3\xb7\x57\xa0\xf2\xb4\xdb"
	"\xfe\xf6\xfe\xb7\x90\x67\x31\x9b\x95\x44\xa4\x17\xd3\xeb\x9f\xf5"
	"\xe7\xc5\x34\x60\xaa\xfd\x24\x22\x9c\x97\xf9\xfc\x4e\x96\x24\x8a"
	"\x44\xa9\xba\xf0\x34\x2d\x6c\x64\x20\x55\xe6\x64\x46\x4b\x39\x67"
	"\xb1\xba\x9e\x9c\xb9\x20\xf8\x50\x15\x68\xea\x8c\x90\xa6\x24\x2f"
	"\x45\x16\x95\x40\x5c\x96\x29\xcb\xae\x27\x57\xa7\x10\xc8\xed\xf5"
	"\xd9\x00\x85\x90\xa7\x39\x51\x16\xa1\xc9\x2f\xe0\x01\xbd\xc9\x45"
	"\x8d\x27\x15\x09\x17\x4a\x90\x10\x96\x51\xe4\x39\x17\xd6\x7a\x59"
	"\x92\xd0\x19\x49\xca\x9c\xb3\x4c\x51\x51\x2e\x49\x52\xd0\xeb\xf1"
	"\x3f\x8f\x9b\xf5\xe3\xd8\xfa\xaf\xc6\x4f\x78\xb8\x88\x68\xde\x27"
	"\x64\xe8\x33\x71\x13\x27\x64\x26\xfb\x70\xb1\x92\x34\x2d\x6f\xc3"
	"\xf9\x0c\x36\xbe\x24\xc9\x8c\x0b\xa6\xe6\x69\x8b\x30\xa3\x19\x15"
	"\x2c\x2c\x83\x62\xe6\x6d\x2c\x05\x4d\x88\x62\x4b\x5a\xcf\x55\xf6"
	"\xd1\xe6\x2b\xca\x66\x73\xd5\x07\x84\xb2\xf0\x0c\x15\x92\x84\x05"
	"\x82\x28\x5a\x46\x40\xfb\x0e\x10\xde\x8f\x2a\x94\x7b\x9e\x41\x6b"
	"\x4a\x46\x4f\x87\xd1\x76\x77\x1c\x1d\x36\xc7\xba\xf7\x9c\xc0\x1c"
	"\x6a\x12\xb3\x22\xef\x30\x17\x74\x1a\xe0\xad\x8c\xd2\x48\x83\xf1"
	"\xc8\xe0\x50\x14\xed\xc0\xe4\x4c\x83\x13\x9a\xcd\xd4\xbc\x85\xc9"
	"\xd4\x1a\x43\xae\x18\x57\x49\x60\x9d\x20\x07\x9e\x2d\xe7\x34\xc9"
	"\xa9\x68\x5b\x17\x54\x64\x34\x29\x53\x1e\x51\xa0\xcd\xb3\x16\x12"
	"\xb3\xdb\x92\x12\x91\xdc\xc1\x77\x99\x52\x6b\x5b\xf2\x99\x22\x41"
	"\x42\x61\xfc\x25\x4d\xe4\xf5\xb9\xb3\xac\xea\x40\x65\x59\xe4\x82"
	"\x07\x54\x76\xaf\x94\xe0\x61\xb9\x08\xb9\xa0\xa5\xa2\xb7\xd6\xa2"
	"\x23\x1a\xd7\xac\xc3\xa4\xba\x7e\xf7\xf1\xf9\xe9\xcb\xc7\xef\xbb"
	"\xc7\xd7\xe7\xcd\xe1\xe3\xff\x14\x19\x49\x29\x9e\x2c\x25\x92\x7e"
	"\xfc\xf0\xa0\xaf\xf4\xbb\xf6\x18\x14\xe7\x49\xc3\x4c\x88\x27\x3c"
	"\x07\x02\x4c\x57\xae\xb8\x58\xb4\x83\x06\x05\x4b\x22\xc5\x80\x34"
	"\xcc\x45\xaf\x49\xba\xcc\x3a\x17\x94\x44\x25\xcb\x62\x0e\x7f\x4a"
	"\x45\x24\x76\x06\x19\xf2\x7e\x34\xd3\x82\xe9\x19\xe9\xbf\xbe\xb4"
	"\x52\x85\x65\x4c\x95\x34\x5b\xc2\x6a\x71\x25\x29\x9c\xeb\x79\x23"
	"\x0c\x42\xc1\xa5\xd4\x17\x90\x25\xf4\xfa\x9d\x35\xff\xaa\x0d\xf6"
	"\x44\x2a\xcf\xcc\xe1\x36\x91\x64\x09\xac\xcc\xe0\x84\xa0\x9f\xa7"
	"\xb9\x24\x85\xe2\xce\x76\x92\x22\x51\xe5\x9c\x4b\x85\x7b\x77\xfd"
	"\xee\x7f\xb7\xbb\xed\xe6\xff\xde\xb5\xfc\x41\x72\x9b\x91\xe5\x9d"
	"\x5c\xb2\x3c\xf4\x0c\x9e\x73\x09\xac\x90\xde\x14\xb4\xb0\x18\xd1"
	"\x6e\xc5\xce\xa1\x4a\x5a\xa0\x59\x28\x30\x0d\x17\x77\x25\x51\x20"
	"\x57\xe6\xf6\x58\xf1\x9c\x64\x51\x42\xed\xb1\x1a\x58\x21\x29\x5c"
	"\x36\xcf\x34\x48\x11\xd9\x97\x44\xdf\x2e\xcd\x52\x1a\x80\x33\x20"
	"\x89\x35\x85\x13\xad\xe5\x8a\xa8\x70\xde\x6d\x54\x82\xd2\xfa\x70"
	"\x81\x53\x46\x87\xd7\x2f\x87\x9f\x87\xe3\xe6\x7b\x7b\xb8\xf5\x65"
	"\x46\x46\xd2\xdc\xdd\x17\x15\x08\x92\x73\xbe\x1a\x86\x98\x6b\xe3"
	"\x87\xd3\x38\xa6\xa1\x96\x5d\x24\x8e\xe1\xfa\xcb\x85\x1f\x2f\x65"
	"\x33\x10\x47\xcc\xbe\xae\x73\x22\x22\x00\xc1\x25\x58\x01\xff\x4b"
	"\x9a\x45\xfe\xae\xe1\x9c\x59\x52\x02\x5b\x22\x9e\x12\x96\xf9\xda"
	"\xca\x39\xa3\x02\xf7\xf8\xae\x4f\x2b\x95\x0c\x31\x07\x01\x3d\xb2"
	"\xe6\xcc\x6b\xca\x4e\x57\x44\x8f\xb9\x08\x41\xb4\x99\x1b\xc7\x32"
	"\x4b\xb6\xcb\x9c\x08\x49\xdd\x1e\xfa\xe0\x43\x54\x32\x92\x17\xd0"
	"\xb1\x8c\x88\x22\xfd\xb9\xe8\xab\xbd\xec\x71\x41\x23\xd7\x91\x00"
	"\x9c\x46\xa6\xba\x62\x6a\x4e\x24\x74\x0e\x17\x65\x20\x38\x89\x42"
	"\x22\xd5\xc9\xde\x0e\x9a\xe6\x20\xf5\xf4\x7d\xb3\x3f\xf8\x98\x48"
	"\x93\x05\xad\x01\xbc\x60\xcb\x7c\x5e\xce\xef\x51\x0c\xa4\xfa\x50"
	"\x9b\xeb\x00\x8d\x20\xaf\x19\x8f\x98\xef\x6a\x9a\x5e\x0c\xf6\xd5"
	"\xee\x63\x5a\xe3\x22\x49\x86\xba\x58\xa7\x02\x7a\x10\xf9\x45\x6f"
	"\x95\x56\x95\x7a\xfa\x61\x5e\x7c\x54\xeb\xc3\x5f\xa3\x23\xac\x63"
	"\xb4\xde\x3e\x8e\x0e\xc7\xf5\xf1\x30\x5a\x3f\x3c\xec\x5e\xb7\xc7"
	"\xa7\xed\xb7\xce\x82\xa0\x43\x49\xc2\x90\x17\x99\x32\x87\xd7\xcc"
	"\x66\xc9\x40\x22\xbb\x60\xdc\x42\xef\xe5\x47\x46\xd0\x67\xd6\xe2"
	"\x7a\xf1\x64\x38\x07\x5e\x59\x91\x44\x79\xc1\x81\x8c\xb4\xa2\xa1"
	"\x20\x84\x80\x92\x4f\xa2\xa2\x28\x47\xd5\x6a\x1d\x3c\x36\x19\x05"
	"\xaf\x3b\x75\x00\xb7\x9e\x36\xc6\xdd\x35\xd7\xa2\x51\x32\x7b\x03"
	"\xe0\xb3\x11\xc7\x11\x93\xa8\x66\x22\x7b\x46\x7a\xc3\x45\x58\x8c"
	"\x64\x9f\x59\x72\x10\x4a\x69\x0e\x1a\x2d\x2c\x6c\x92\xf0\x09\x1a"
	"\x0b\x18\xc3\xb7\x34\x69\x90\x1b\x7b\x8b\xd2\x6e\x13\xae\xbd\x74"
	"\x9a\x90\x20\x6c\x47\x92\xb4\x2c\x68\x41\x8c\xd1\x41\x67\x61\xa0"
	"\x75\xb3\xab\x3e\xc1\x92\xcc\xce\x42\xeb\x32\x2f\xcc\x3f\xfa\x2d"
	"\xfa\x4c\xec\x65\xb0\xc5\x1c\x2e\x3b\xb0\x9d\x57\xe5\x21\xfd\xb8"
	"\xb2\x9a\xcf\xc6\x76\x3b\x72\x13\x98\xae\x16\xbc\x35\xb8\x73\x01"
	"\x46\xdf\xa2\x94\x24\xa6\x1d\x1a\x93\xf3\xee\x0d\x36\x6c\xa4\xef"
	"\x71\xcd\xf8\x31\x61\x62\x24\x1f\xfe\xdc\x80\xdd\xb1\x1f\x1d\x5f"
	"\xb7\xeb\x2f\x60\x80\x98\x3b\x51\x0d\x40\xe1\x1c\x0b\xc5\x12\x10"
	"\x12\x49\x9c\x30\x18\xe7\xfc\xcc\xa7\x36\xfb\x78\x93\x0b\x87\x2f"
	"\xfa\x08\x57\x3e\xbd\xe7\x58\x55\x59\x01\x86\x5f\x40\x12\x92\x85"
	"\x0e\xcf\x85\x33\xc1\x8b\xdc\xe2\x66\xed\x8d\x68\xde\xb4\xcd\x3d"
	"\x50\xc9\xe1\xac\xf3\x59\x9b\x02\xbd\x36\xb0\x63\x34\xb3\x76\x61"
	"\x5a\x54\xa3\xa2\x2e\x97\xa9\x46\xcc\x19\x88\x33\x6b\xec\x20\x59"
	"\x54\x13\xb2\xd7\x1b\x51\xb4\xce\x5b\x98\x67\xad\x06\x50\xae\xc0"
	"\xe4\xa7\x01\x09\x17\xdd\xf5\x99\x13\xb3\x6c\x54\x38\xad\xd2\x0b"
	"\x09\x63\x10\xca\xa0\x71\x56\x2c\x52\x8e\xed\x01\xc2\xc8\xea\x30"
	"\x3c\x87\x9c\x45\xd2\xee\x57\x35\x0b\xbf\xad\x5f\x41\x63\xb8\x6c"
	"\xf7\xf6\x7e\x03\xa7\x4a\x6a\x0b\x19\x6d\xff\x02\xed\x0a\xd2\x5b"
	"\x60\x44\x97\x2c\xa4\xbd\x66\xc0\xae\xe4\x4f\x77\x42\x20\x04\xe2"
	"\xe1\x09\x05\x79\xec\x19\xc2\x71\x9d\x24\x0f\x17\x0d\xc8\x68\xd1"
	"\x76\x8c\x39\x0d\x17\xda\x8d\x42\x1d\xa1\xc0\x6a\xf7\x69\x14\x30"
	"\x2f\x41\x47\x87\xb6\xad\x5f\x20\xab\x5a\xdf\x60\x59\x9a\x6f\xdb"
	"\xce\x13\xd0\xe4\xbb\x38\xb0\x3b\x76\xdf\x8c\xaa\x4e\x5f\x73\x6f"
	"\xd1\xe0\x1d\x62\x24\x83\xa1\x8a\xcc\xda\x4a\xd3\x46\x53\xd9\xb7"
	"\x92\x91\x97\x51\x26\xcc\x40\xf4\xaf\x88\xb0\x3b\xb1\x34\x87\xab"
	"\xc9\xb0\xa7\x41\x40\x57\x29\xe9\x52\x45\x02\x71\x52\xc0\xcc\x85"
	"\xea\x58\xd5\xc0\x88\xe0\x08\x0b\x1a\x82\x1f\x17\x79\xd5\x15\x3a"
	"\xac\x77\x9e\x45\xe0\x55\x01\x7e\xd0\x3e\x85\xb0\x78\x5b\x7f\x93"
	"\x14\x08\x1b\xe3\xc7\xf1\x24\x5a\xa0\xbe\xa6\x1e\xb2\x22\x2a\x67"
	"\xf7\xb6\x11\x08\x0d\x01\x34\x9c\x39\x2d\xc9\x7d\x4a\x9c\x86\xdb"
	"\xfb\x0e\x9c\x77\xbe\xad\x60\x4a\x18\x96\x3c\x07\x45\xce\xee\x29"
	"\x4e\x43\x33\x29\x17\x29\x08\x2d\xc7\x50\xe9\xa2\x49\xf8\x87\xef"
	"\x30\x3b\xde\x85\x36\xfd\x61\xaf\xb5\x38\x75\x70\x40\x29\x86\x34"
	"\x47\xc3\xd8\xc4\x19\x2c\x91\x64\x5f\x04\xa3\x3a\x2d\x6e\x75\x69"
	"\xa5\xc0\x12\x0c\xf9\xd3\x39\xc9\x19\x55\x68\x90\x97\x95\x35\xe9"
	"\x9f\x27\x9e\x49\x63\x6d\xda\x5c\x80\x93\x1b\xee\x69\x9c\xa9\xc6"
	"\x04\xab\x7d\x73\x40\x96\x77\xa9\xa7\xa5\xec\x0c\xd0\xb6\x07\x92"
	"\x27\x85\xa2\xb8\xe3\x20\x33\x3c\x43\x35\xa8\x01\x78\xd2\x4d\xac"
	"\xc4\x16\x50\xa8\x3f\x6d\x1d\x6f\xc9\x0a\x9a\xc4\x25\xfa\xee\x16"
	"\x18\xa9\xa0\xa9\x69\x09\x65\x18\xff\xb6\xf3\x09\x97\xda\xa2\x92"
	"\x73\x1b\x5f\xb2\x59\x06\x0a\xd0\x62\x70\xbd\x11\x76\x83\xb6\xb2"
	"\xed\x06\x38\xce\xb2\x67\xd6\x63\xe3\x1f\xe0\xc9\x91\x64\x45\xee"
	"\x64\x69\x5b\x31\x72\xee\x44\x30\x08\xb3\x98\x97\x44\x4b\x26\x69"
	"\x4d\xce\x11\x34\x48\xb1\xc8\x60\x4b\x96\x8d\xa8\xe0\xb1\x4f\xdc"
	"\x22\xb7\x68\xb8\x3d\xc9\x3c\x64\xe5\x4d\xc1\xc4\x42\xfa\xdc\x56"
	"\xab\x0b\xc6\xeb\xb8\xab\xa5\x03\x22\x04\xb3\x35\x09\x34\xd1\x28"
	"\xb2\x55\x9c\x26\x85\x37\xab\x6c\x5c\x98\xd6\xb6\x08\x27\xe3\x69"
	"\xcf\xc8\xac\x02\xa2\xf9\x66\xff\x75\xb7\xff\xbe\xde\x3e\x6c\x46"
	"\xf4\xc7\x66\x0b\x76\x3d\x01\x0b\x3f\x44\xcb\x1e\x9c\x16\xcb\xfa"
	"\xf4\x13\x37\x8a\x5c\x03\x8d\x11\x00\xdb\xc6\x7d\xee\x09\x98\x07"
	"\xba\x77\x6d\x87\x58\xfb\x20\x93\x22\x68\x34\x51\x7b\x51\xb0\xb5"
	"\x32\x40\xf4\x65\xe2\x7e\x3f\xa1\x8e\x61\x8a\x85\xdf\x3d\x48\x88"
	"\x2f\x82\x80\xd4\xdd\xd1\xb8\x1f\x8d\xe0\x24\xc4\x8c\xd6\x87\xee"
	"\x76\x02\x28\xea\x79\x34\x85\x4b\x01\x26\x06\x4f\x07\x27\xd1\x22"
	"\xa2\x7b\x0e\x0a\x24\x1a\x98\x96\x36\x69\xc1\xcf\x55\x8c\x24\x8e"
	"\x50\x53\x34\xd5\x5a\xb9\x5c\x82\xc5\x1a\xb3\xb0\xe3\xf5\xc3\x04"
	"\xa9\x10\x34\xd2\x62\xbf\x66\xdf\xd6\xd4\x88\x59\xe2\x58\x89\x5a"
	"\x28\x6a\x7d\x6e\x0b\x95\x26\x50\xd7\xcc\xfd\x8f\x22\xcd\x4b\x98"
	"\x3f\xf5\x09\xab\xa2\x8f\xaf\x59\x51\x47\x31\xe1\xf2\xc1\x75\x46"
	"\xed\x1c\xa2\xfb\x35\x14\x16\xa5\x31\xac\x85\x21\x6b\x14\x99\xdb"
	"\xc3\x9a\x97\xa0\xaa\x1b\x43\xd4\x9d\x17\xfe\xd6\x21\x74\x7d\xdb"
	"\xf4\xca\xe7\x9c\x2f\x3a\x40\x8c\xa3\x62\x74\x9e\xcd\x0a\x5e\x78"
	"\x22\xc5\x12\x36\x02\xfd\xeb\x2a\x30\xe1\x89\xa9\x20\x10\x05\x1a"
	"\x38\x48\xaa\x17\xe4\xc5\x38\x02\x68\x36\xc5\xe2\xbb\x5a\x59\xf7"
	"\x11\xa0\x63\x15\x2b\xeb\x4c\x4e\xd0\x19\x88\xf4\x2c\x32\x91\xf9"
	"\x6a\x83\x4a\x62\xcb\x52\x8d\x17\x26\xbe\x65\x01\x5e\xd7\xd6\xd3"
	"\xb0\xf9\x0a\x2e\x0e\x25\xc6\xae\xf3\x89\x13\x1c\xd6\xd7\xae\x4d"
	"\x36\x33\x95\xa8\xb0\x63\xcd\xed\x36\xb7\x8c\xd3\x5d\x0a\xb8\x91"
	"\x26\xc2\x1a\x9b\x38\x9b\xd3\xb5\xe2\x00\xa9\x44\x11\x2a\xed\xba"
	"\x74\x57\x98\xe6\x98\x12\x30\x11\xcf\x01\x58\xc4\x8b\x20\xe9\xee"
	"\xef\x8a\x68\xf1\xa3\xc5\x05\x1a\xa1\x26\x96\x54\x87\x52\x3d\x2b"
	"\x90\x34\x44\xf4\x12\xae\x8e\xe3\x39\x0d\xb5\x9b\x28\x3f\x58\x32"
	"\x79\x52\xcc\x98\x6b\xa7\x5a\xcd\x43\x17\x01\x30\xf4\x8e\x02\xe7"
	"\x2a\x1a\x2a\x5b\x0b\xf8\x40\xb6\xe9\xe4\x02\xcb\x8c\x67\xfe\x88"
	"\x6a\x1f\x15\x0e\xb8\x48\x88\x2f\x44\xde\xc7\x85\x33\xe1\x8e\x08"
	"\x99\xb3\x4c\xef\x14\x58\x0d\xce\x62\x13\xc5\xdf\xf4\x5e\x01\x07"
	"\x98\x95\xd8\xf4\x5c\x04\xa4\x9e\xd8\x71\x6c\xec\x81\x2b\xeb\x8c"
	"\x64\xa8\xbc\x39\x9e\x9c\x93\x88\xaf\x30\x7f\x93\x98\x75\x59\x26"
	"\x2b\xcf\xcb\x6a\x95\x68\x2e\x76\xc7\xe8\xf5\x1c\x3c\x40\x10\x1e"
	"\xf4\x56\x69\x01\xb3\x70\x84\xad\x06\x0f\x44\xbf\x3a\x58\x9e\xb8"
	"\xd7\x80\x10\xcb\x30\x1a\x8a\x72\x73\x5e\xcc\xa8\xe7\xa2\x18\xa1"
	"\x02\x30\x54\xcb\xdd\x2b\x0a\xae\x4b\xb5\x41\x39\x0d\x51\x9b\x58"
	"\x26\x07\x8f\x8a\x84\x4a\xe3\x09\x25\xb1\x36\x0c\x3d\xa2\x4a\x83"
	"\xb4\xce\x03\x53\xdd\x37\xb4\x93\xaf\xec\x10\x70\x61\x6d\xa2\xd3"
	"\xd3\xdb\x4a\x52\x0e\x11\xb1\x51\x26\x93\x8e\x2e\xaa\x27\x3c\xf7"
	"\x87\x19\x25\x01\xbb\x56\x4b\x52\xdf\x1d\x48\x30\xa7\x87\xe1\x07"
	"\x70\x05\x23\x6b\x7c\x9e\x44\x68\xac\xca\x02\xb6\x2f\x8b\xce\xad"
	"\x9b\x6a\xa6\x52\xc1\x49\x58\xe9\xe8\xf6\x06\xc2\xf9\x67\xdc\x52"
	"\x7a\x71\x3c\x28\x10\xf4\xcc\x97\x55\xe6\xcf\x66\x58\xa7\xad\x21"
	"\xad\xd1\xb9\x76\x79\x48\x52\x67\xf3\xc4\xea\xd6\xbb\xee\x21\xe4"
	"\xda\xce\x19\xba\x4f\x5a\x49\x29\xd0\x76\xca\xea\x64\x89\xc6\x61"
	"\x50\xb7\xbb\x61\x33\x6f\x77\x1f\x48\x60\x52\xb0\xc0\x0d\x73\x3c"
	"\x8c\x86\x2a\x26\xfa\x9a\x84\x5c\xc8\x97\xbf\x7f\x59\x1f\x36\x8f"
	"\xa3\xbf\x8c\x9d\xfb\xb2\xdf\x7d\x7d\x7a\x76\x62\xd5\x4d\x4f\xc4"
	"\xae\x2c\x24\x5a\x3a\x5e\x84\x93\xb6\x35\xe6\xc1\x9c\xe2\x95\xb3"
	"\x8d\x57\x12\x60\x4e\xd0\x9a\x28\xcc\x1f\xfd\x1c\xdb\xf8\xd0\xae"
	"\x91\x44\xe3\xf8\x7a\xdc\xb9\x66\xf6\x09\x56\xeb\x36\x41\xb5\x84"
	"\x13\x9f\x89\x58\xe1\x14\x19\xc2\x07\x3b\x1b\xb0\xbf\x7b\xa5\xf1"
	"\x7c\x23\x4b\x11\x36\x39\x44\xd7\x3b\xed\x61\xb2\xd9\x29\x30\x5e"
	"\x03\xd1\x31\xfa\xda\x0c\xad\x60\x29\xcc\x10\xe4\x4b\x54\x2e\xd0"
	"\x01\x1d\x5c\xa6\x34\x31\xeb\x04\x8c\x35\xdb\x9e\x0a\xaa\x30\xad"
	"\x15\x1c\x91\xa1\x64\xc0\x03\x37\x05\x95\x8e\x8d\x5e\x07\x4e\x02"
	"\xe9\x9f\xaf\x05\xef\xe4\x1a\x7b\x28\x58\x41\x30\x13\x4c\xdd\x9d"
	"\xc4\xc2\x2a\x80\xe8\x24\x06\x98\x8f\x5c\xa9\x84\x79\x95\x16\x22"
	"\x31\x5e\x2e\xc1\x75\x4f\xa9\xbb\x44\x55\x88\x80\x9b\x80\x68\x77"
	"\x85\x61\x1a\x01\x3d\x6a\x4c\x1a\x31\x38\xfa\x2a\x50\x83\x30\x3c"
	"\x0c\x9e\x93\x64\x68\x4e\x99\x1e\x80\x66\xa1\xb8\xcb\x5d\xc7\xc3"
	"\x0b\x2e\x63\x60\xa0\x2a\x6e\xab\xef\x64\xbe\xde\x1f\x9f\xb0\xec"
	"\x66\xa4\x7e\xbe\x6c\x6c\xcf\x12\x5d\x1d\xdd\x05\xbc\x6f\x0c\x0b"
	"\x39\x5c\x4d\x42\x2e\xb2\x16\xc7\x2f\xcb\xd8\xed\x1b\x18\x5c\xc6"
	"\x6f\xd1\x48\x41\x5a\xbf\x85\xa3\x88\x60\x6f\xe0\xa4\x24\xf4\x63"
	"\xd4\x70\x19\x71\xd9\x62\x38\x07\x29\x23\x4c\x0a\x2d\x7a\xce\x56"
	"\x4b\x1c\x5c\xbb\x5b\x30\x69\x82\xd3\x73\x90\x1c\x2c\x3a\x26\xcb"
	"\xdb\xab\x8b\x37\x66\x5b\x00\x3d\x0c\x72\xbe\x31\x6e\x12\xa5\x6f"
	"\x10\x92\xb3\xb7\x36\x06\x74\x8a\x78\xf3\x9c\x64\xf1\xd6\x59\x2f"
	"\x88\x48\xc9\xc9\x1d\xa6\x31\xf3\xef\x2f\x96\x35\x5c\x5c\xbd\x41"
	"\xdf\xba\x49\x83\x23\x68\xf1\x53\x69\x7a\xf7\x1a\xa4\x37\x18\xe9"
	"\xe9\x08\xaa\xa6\x16\x45\xaa\x84\xcf\x9a\xba\x02\xae\x73\x4b\x58"
	"\xd4\x62\xc7\x59\x18\x37\x51\xe4\x8c\x73\x27\x63\x52\xb7\x47\xe0"
	"\x79\xe2\x04\x7d\x35\x2d\x15\x4a\x18\xdf\x38\x16\x47\x7c\x53\xa5"
	"\x39\x2a\x04\x4f\xd7\x3a\xa2\xd5\xe9\x5a\x37\xe3\x64\x4e\xf4\xaa"
	"\xe8\x5e\xbf\x7b\xf8\xfa\x9f\xa6\xa8\x04\xb6\xa2\x3b\x67\xcb\xc4"
	"\x6c\x81\x8b\xbb\xc0\x8d\xae\xd6\x80\x20\xbe\xf1\x19\x21\x32\x9b"
	"\x58\xd1\xda\xac\x12\x3c\x32\x07\x57\x04\x95\x9e\xad\x17\x5c\x07"
	"\x80\x28\xb0\x54\xc3\x52\xa4\x2b\x3b\xbc\x8b\x01\x49\xdd\x19\xe4"
	"\x0f\x5f\x65\xb6\x3b\x67\xca\xcf\x06\x80\xe6\x60\x3b\x30\x7d\xb0"
	"\x64\xfb\xb8\xdf\x3d\x3d\x8e\xf6\xeb\xef\x8f\x4f\x87\xbf\x46\xcf"
	"\xbb\xf5\xe3\x66\x6f\xd9\x1d\x59\x24\x38\x03\xf3\x90\x80\xf7\x45"
	"\x52\xbc\x79\xd6\x94\x2b\x60\xc0\xb9\xb2\xb8\xf8\xdd\xc7\xc7\xcd"
	"\x8f\x8f\x87\xc7\xf5\x64\xda\x6c\x70\x9b\x60\x32\xf2\xf5\x79\x7d"
	"\xc4\x50\x1e\x6c\xd6\xf3\xe6\xa1\xaa\x6f\x74\xcd\x3d\x63\x8d\xca"
	"\x61\x7b\x10\xae\xdf\x2d\x1b\x06\x93\x24\x67\x03\x8e\xa5\x86\x07"
	"\x61\x7a\x76\x75\xfe\xe9\x24\x02\x78\xde\xc2\x0d\x10\x76\x50\xa8"
	"\x80\x03\x3d\x01\x17\x61\x2a\x55\x30\x64\x9e\xd2\xdb\xbb\x8c\xcb"
	"\x9e\x55\x9c\x90\x3b\x30\x6b\x42\x92\x9f\x98\x7d\x32\x9b\x2c\x86"
	"\xa1\x73\x26\x4f\xec\x4c\x4a\x23\x46\x14\x5d\x9c\xc2\x90\xfc\xc4"
	"\xb2\xd2\x25\x0d\x8a\x61\xf0\x4d\x38\x10\x59\xd4\x50\x41\x49\x72"
	"\x72\x70\xd8\xf1\x05\x16\xfb\x9c\x38\x79\x4a\xc0\x24\xa1\xa7\xc6"
	"\xc8\xa8\x24\xa7\x78\x47\x61\x19\xd2\xed\x64\x3c\x8c\x82\xe6\x13"
	"\x39\x41\x21\x17\xd1\x89\xce\xf3\x22\x8b\x06\x6c\x1b\x1b\xe1\x6c"
	"\x18\x03\xa4\x45\x8e\x65\x4c\xc3\x18\x4b\x7a\x3b\x6c\xb6\x1a\x8c"
	"\x22\x09\xc9\x89\x83\xbc\x45\x77\x61\x18\x7c\x7f\xc2\x1b\xbb\xbf"
	"\xcb\x6e\xd2\xbc\x17\xa9\x97\xeb\xef\x87\xd7\xed\xb7\x11\xfd\xe7"
	"\xe7\x76\xe7\x94\x1f\x48\x1e\x56\x0c\xff\xf9\x6a\x60\xdf\x35\x4a"
	"\x5a\x24\x20\xfc\xc4\xe7\xab\xb3\xb1\x2f\xe6\x6c\x51\x39\x1b\x3b"
	"\x0a\xd3\x81\x94\x74\xa9\xc6\xa7\xef\xdd\xe7\xbe\x20\xab\xe2\xd6"
	"\xe8\xa0\x71\xde\x94\x44\x05\xaf\x58\x0f\xf5\xf2\xb2\xdb\x1f\x2d"
	"\x43\xd0\xd6\x9c\x98\x30\x31\xf5\x61\xd2\xdb\x58\xbb\x65\x2e\xb0"
	"\x97\x07\x82\x46\x8a\xe2\x3f\x28\x5c\x32\x94\xb8\x4a\x07\x9b\x4a"
	"\x1a\x0a\xbf\x64\xaa\x3a\x80\x95\xfb\x07\xf5\x96\x10\x69\x04\x99"
	"\xa7\x5d\x92\xd8\x66\x02\xaf\x27\x3a\xf9\x52\x0b\x0d\x2c\xe7\x2b"
	"\x90\x5c\xe0\x87\x0e\x4f\xac\x41\x43\x5d\xf7\x4b\xc8\x6d\x0a\x76"
	"\x60\x5a\x65\x9e\xd2\xde\xf6\x44\xf9\xf0\xee\x94\xb9\x4a\xfd\xb4"
	"\x4c\x74\xc5\x5b\xdc\x8c\xd0\x54\xb2\x5e\x83\x5b\x33\x68\x8f\xd3"
	"\xdf\x4b\x07\x8a\x82\x30\x41\xa6\xd5\xc5\x2a\xba\x2a\x60\x10\x57"
	"\xaa\x22\x18\x04\x32\xbe\x1c\x84\xe5\x82\x0d\xc3\x88\x64\x7e\x19"
	"\x36\xe7\x0a\xc3\xbf\x88\xd5\xbb\xe1\xd1\xe6\xf0\xf4\x6d\xbb\x5a"
	"\xef\x37\x23\x04\x87\x3b\xf8\x87\xf4\xdc\x0e\x38\x82\x95\xcb\xc5"
	"\xd0\xa0\xcb\x7a\xfb\x67\xb5\x2a\x73\xb8\xf4\x03\x47\xd2\x68\xc9"
	"\x26\x09\x8e\xdf\xa6\xa7\xae\x0d\xef\x8c\x52\xd5\x8b\x33\x2c\xfb"
	"\xb8\x2b\x8d\x11\xdb\x4a\x09\x8a\x1e\x4f\x06\xa6\x95\xb9\x44\x42"
	"\x0c\x6e\xcf\xa0\x12\xd5\x3d\x17\x4c\xb8\x9a\xdf\xd8\x35\xb0\x23"
	"\x7f\xee\x0e\xc7\xd1\xc3\x6e\x7b\xdc\xef\x9e\xb1\x16\xeb\x71\xff"
	"\xf4\xc3\x58\xcd\x2e\x79\xd8\x89\x5a\x2e\x0c\xce\x61\x58\x40\x37"
	"\x24\x2a\x4d\x02\xf7\x24\xfd\x35\x44\x1a\x92\xd4\x3b\x71\xba\x7d"
	"\x7c\xd9\x3d\x6d\x8f\xdd\x99\xd2\x2c\xd2\x29\x17\x6f\xa7\xc3\xdf"
	"\x4f\xc7\x87\x3f\x7f\x61\xbd\x72\x85\xa5\xfd\x2a\x9c\x2b\x1a\x0e"
	"\x25\x78\xe3\xcd\xfa\xf8\xba\xd7\xfe\xb6\xb1\x4e\x45\x3a\xda\xec"
	"\xf7\xeb\xe3\x7a\xf4\xf7\x6e\xff\xd7\x7a\xbf\x7b\xdd\x3e\x1e\x46"
	"\x3f\x9e\xd6\xa3\xe3\x9f\x9b\xd1\xfa\xf9\x08\xfd\xd6\x47\x18\xef"
	"\x30\xfa\x0a\x26\xec\x06\xb1\x3a\x2f\x65\xf0\x8c\x89\x2a\xd2\xf2"
	"\xea\xec\xe2\x7c\xf2\xb9\xfb\xf8\xa5\x85\x5e\x9e\x84\x4e\xc7\x17"
	"\xc3\xd0\xc9\xe7\xe9\xe5\xd9\x20\xf4\xfc\x6c\x7c\xf9\x69\x10\x3a"
	"\xfd\x74\x79\x62\xdc\xe9\xf9\x74\x18\x3a\x19\x9f\x4d\x2f\x27\x57"
	"\x83\xe0\xc9\xd5\xd5\xd5\xe5\xf9\x20\xf8\x72\x7a\x36\xfe\x7c\xe5"
	"\x78\x5f\x64\xc9\x00\x52\x63\x9c\x9d\x9d\x5f\xfa\x0d\xe4\x2e\xe2"
	"\xf9\xe4\xd3\xf4\x97\x10\x2f\xa7\x9f\x2e\x7e\x05\xf1\x7c\x3c\x99"
	"\xf8\x87\x46\xeb\x12\xe3\x35\x0b\x2e\xac\x8d\x18\x9f\xff\x1b\xe4"
	"\xcf\xc3\xc8\x37\x51\x0c\x67\x3d\x6e\xb0\xc7\xe3\x8b\x4f\x1e\xc1"
	"\xe4\x23\x4c\x27\xe3\xe9\xa4\xbb\xdb\xd3\x85\x4e\x0b\x76\xac\x7c"
	"\x84\x4c\x2e\x2a\xd0\x80\x91\x85\x38\x17\x53\x0f\x8e\x83\xb1\x24"
	"\xe6\x45\xd4\xf9\xe7\xfe\x08\x35\x6c\x7a\xf5\x56\xf7\xeb\xf3\xcf"
	"\x6e\xd4\x3f\x40\x41\x9b\x81\x9f\x90\x0d\x16\xa9\xa5\x61\xbf\xb4"
	"\x4d\xa6\x3e\x29\x9e\x09\x5d\x35\x78\xdd\x26\x4e\x2a\xfd\x02\xad"
	"\x4e\xfd\x77\xe1\x7f\x8f\xc4\x31\xb6\x0a\xce\xeb\x7d\x27\xd7\x55"
	"\x17\x19\x0f\x66\x10\x6b\x04\x0c\x50\x66\x8a\x08\x5f\xb1\x5a\x85"
	"\x63\x97\x1f\x98\x4e\x3a\x80\xdf\x29\x69\x07\xde\xf1\x4d\xf0\xbe"
	"\x3c\xfb\x34\xee\xa0\x9e\x8f\xfd\x46\xae\xa1\xe2\x27\x73\x0d\x64"
	"\xdc\x4d\x9e\x0b\xac\x52\x1f\x8a\x12\x54\x05\x2d\xc0\x20\xda\x94"
	"\xf0\x24\x1a\xcc\xde\x99\x24\x7d\xa7\x00\xb0\x72\x63\x30\x08\x0b"
	"\xf0\xca\x0c\x19\x04\xb7\x66\x9f\xeb\x89\x25\x34\xac\x8b\x00\xba"
	"\x15\x86\x6d\x5a\x28\x8f\x33\x7c\x78\xc7\xec\x22\xa0\x55\xa7\x4a"
	"\xa7\x8d\x7b\xb5\xeb\xc3\x7c\xa0\x4a\x82\x58\xfa\x92\xe3\x3a\x59"
	"\x98\xa7\x11\xa6\x3c\x85\xaf\x3c\x21\x24\xb0\x85\xa5\x89\xb8\x38"
	"\x59\xbf\x93\xb3\x6e\x97\x0c\x36\x67\x41\x7c\x90\x6e\x76\xd2\xd0"
	"\xc9\xf5\xeb\x15\xe5\xa3\x44\x6f\x95\xa0\x76\x84\xbc\x05\x2d\xe1"
	"\x4f\xda\x94\x2c\x9f\xc0\xe8\x0f\xda\x49\x2c\x64\x5c\x07\x62\x9c"
	"\xf9\x55\x53\x63\x18\x64\xed\x46\x18\x35\x99\xaa\x87\x79\x29\x96"
	"\xc1\x4e\xf8\xae\x7b\x9e\x30\x05\x36\xb3\x09\x24\xe2\x45\x9e\x3a"
	"\x09\xc4\xd0\x8d\xb0\x7b\xde\xf8\xf8\xde\xa3\xb6\x41\x52\x99\x9e"
	"\x08\xd7\xe9\xcd\x49\x31\x75\x0f\xdd\xaf\xa7\xe3\xcf\x17\xfe\xab"
	"\x50\xad\x34\x26\x2c\x29\x84\x23\x25\x5c\xc8\x40\x8e\xa7\x9f\x9f"
	"\x1e\x76\x7d\x91\xfb\x30\xe3\x9f\xeb\x1a\x72\x6f\x22\x96\x82\xbb"
	"\x82\xdc\xe7\x3c\x1e\x13\x1c\xfa\x0d\xf4\x48\xdd\xf2\xe5\x94\x0c"
	"\x3a\x62\x08\x83\x99\x12\x79\x7d\x69\xbd\xe6\xcc\x39\xf7\x47\xc3"
	"\xef\x83\xc2\x17\x43\xbd\x97\x69\x47\x64\xd4\x8f\x23\x53\x5d\x16"
	"\xef\x18\xcd\x35\xb2\x7e\xd3\xe9\x21\x56\x27\x1d\xf5\xab\x4b\xb0"
	"\xbf\x81\xd7\x1d\x7e\xcd\x9d\xc5\x99\xc2\x23\xac\xf2\xaf\x4b\x0f"
	"\x3c\x24\x63\x81\xef\x26\x97\xbd\xf2\x11\x53\x1e\xaa\x27\xe2\xd3"
	"\x89\x2c\x0b\x71\x6b\x70\x15\xb7\x2c\x2d\xfc\x55\xfe\x11\x13\x78"
	"\xfd\xe1\x4f\x42\x58\x5a\xea\x4c\xaa\x56\xb2\x25\xcf\x92\x3b\x3b"
	"\x0f\x8a\xaf\x15\x40\x84\x65\x98\x21\x42\xac\xaa\x8b\xfd\x9a\x1a"
	"\x93\xfa\x94\x44\x44\x80\xb6\x88\x7a\x0f\x27\x13\xa2\xab\xf1\x98"
	"\x50\x77\xf8\xa0\x23\x76\x9e\x34\x90\xdb\x0a\x82\x25\x5a\x72\x5e"
	"\xd9\x09\x67\x9f\x2e\xda\xd7\xc8\x22\xb0\x5f\xa2\xd5\x4f\x83\xda"
	"\x69\xb4\x97\xe8\x9e\x0a\xee\x3b\x68\xbd\xd1\x70\xcb\xed\xe7\x2f"
	"\x6d\x1b\x92\xe2\xc2\x7d\xb6\xb6\x34\xc9\x50\xb8\x2b\xe6\xc5\x1f"
	"\xc6\x0b\xaf\x2f\xc6\x16\x23\xeb\x8b\x59\xad\x78\xba\xf0\x96\x22"
	"\x9a\xa2\x23\xe7\xe4\x88\x20\x58\x54\xe2\x57\xd4\x15\xf0\x97\x1e"
	"\x51\x2d\xe8\x2d\xf5\xbb\x4c\xa1\x20\xb0\x8f\x58\xe3\xe5\x05\xdf"
	"\x52\x9f\x35\x63\x72\xd0\x78\x1a\x68\x5f\xc0\x6e\xc0\x21\xb5\x6f"
	"\xd0\x8b\x0c\x8f\xb8\x2a\x11\x20\xaa\xa4\xc9\xd8\x7d\xbb\x48\xb3"
	"\x32\x00\xf1\xa1\x9f\x08\xd3\x88\xb9\xa5\x50\xc6\xc8\x92\x32\xb0"
	"\xdf\xa2\x30\xc5\x66\xf8\x26\x1b\x8b\x59\x40\x2f\xd4\xdd\x2b\x8f"
	"\xb5\xdb\x59\x91\xd9\x0c\x8b\x0c\x51\x7a\x92\x80\x39\xe0\xe5\x95"
	"\x55\xa2\x6f\x3f\xa1\xce\xab\x38\x9a\x23\x85\xc3\x7c\xf2\xa9\xac"
	"\xea\x73\x7d\x70\x49\x15\x98\x7c\x3e\x48\xb5\x8c\x55\xa9\x54\x20"
	"\xc6\xe8\x40\x37\xf9\x03\x91\xfe\xb8\xfa\x30\x19\xad\xf7\x0f\x7f"
	"\x3e\x1d\x37\x0f\xe0\xbe\xad\x9f\x47\x5f\x5b\x3f\xae\x63\x92\x82"
	"\xda\x27\x71\x14\xa4\x83\x06\xa9\xa1\xed\x34\x25\x70\x9f\x4d\x3e"
	"\xc4\x63\x45\x2f\xe7\xd4\xcf\x7f\xde\xce\xd6\x9c\xcf\x86\xe7\xec"
	"\x0c\x50\x10\xde\x1f\x35\x4f\xe9\xf0\x12\xea\xaa\x02\x6d\x58\x18"
	"\x11\xd0\x5d\x52\x85\x92\x27\xb6\xe9\x23\x28\x56\x09\x2a\xd7\x0e"
	"\x68\x8a\x96\x74\x59\x86\xaf\xbd\xae\x3f\xa1\x33\x9d\xc9\x36\x05"
	"\x27\x26\x70\xb9\x83\xe9\xed\x5e\x30\xbd\x62\x2d\xab\x4a\x1a\x5e"
	"\xbf\x5b\x9b\xdc\xcf\x17\xc0\xfa\x80\x7f\xca\xc7\xcd\x8f\xa7\x87"
	"\xcd\xe1\x7a\x72\xfe\x78\x81\xbf\x89\xf0\xe1\xf5\xeb\x61\x64\x63"
	"\x1d\x5e\x5f\x36\xfb\xf2\xa5\x4e\x8e\x5f\x9b\x57\x7f\xef\xfa\x09"
	"\x49\xd0\x75\xa9\xb6\x2d\xb0\xb0\x83\x7a\x0b\xf6\x2a\x4c\x30\x8d"
	"\xcc\x93\xdf\x3e\x8d\xee\x33\x90\x06\x83\xc6\xfe\xc0\x8c\x79\xd6"
	"\x67\x76\x18\xc4\x3e\xd0\xc5\x7c\x9e\x0a\x4a\x96\x0e\x29\xf4\x84"
	"\xe3\x03\x41\xbf\x34\x29\xe6\xbe\x22\xe2\x79\x99\x2c\x52\x52\xb8"
	"\x8f\xb3\x4c\xab\xc9\xa0\xfa\x9f\xca\x2c\xf2\x32\x8c\xf3\x53\xb0"
	"\xf2\x0f\x9e\xf7\x03\xea\xc5\x61\xb3\x3f\xbc\xac\x1f\x36\xa3\x2f"
	"\x4f\xdb\xf5\xfe\xe7\x48\x57\xc0\x1f\xad\xf3\xc4\x8a\x9e\x14\x05"
	"\x53\xdc\x2b\xec\xf2\x81\xe0\xa3\x7a\x09\x61\x55\xa5\x63\x52\x1d"
	"\x2b\x60\x6b\xab\x0b\xcb\xe5\x86\x9f\x38\x56\x64\x65\x28\x58\xae"
	"\x7a\x26\x25\xe1\xc5\x40\xe1\x86\xe9\x96\x32\xe9\xab\xb9\xc7\x49"
	"\xb8\xd5\xb9\x4d\xce\xda\x04\x9b\x76\x7f\x6f\xf6\xa3\xef\xeb\xed"
	"\xfa\xdb\xe6\xfb\x66\xeb\x61\xec\xaa\xbe\xcd\x12\x68\xa6\xc1\x4a"
	"\x3e\x5a\xb9\x7b\x03\x92\x0b\x06\x66\xdc\x5d\xe6\xe7\x80\x39\x0b"
	"\x40\xf0\x93\x81\xcc\x7a\x0e\xe6\x45\x42\xa9\x35\xe3\xba\xa5\xfa"
	"\x45\x8b\x56\xbd\xa5\x3a\xbc\xab\x61\x7e\x42\x2b\xb2\xa0\xfa\x55"
	"\xb8\x43\xac\x69\xad\x0c\x8b\xb1\x43\xb2\x85\xce\xbc\x3f\x7f\x90"
	"\x3a\xb4\x7a\x6f\x16\x70\x52\x55\x0d\xcb\xa9\x48\x75\xaa\x7f\xdb"
	"\xa1\xde\xb0\x13\xdb\xd0\x1f\x21\xd2\x93\x54\xe1\x3c\xe2\x33\x7f"
	"\x47\xe0\x78\x67\x92\x4e\x41\x38\x7c\x37\xe5\x6c\x4d\x72\xa5\x21"
	"\xbe\xba\xa9\xf2\x08\x6d\x75\xe2\x70\x35\x60\x9f\x94\xe7\xe8\xba"
	"\x18\x3c\x76\xde\x43\x3a\x1b\x5a\xa5\x59\x1b\xf6\xc0\x97\x50\x92"
	"\x79\x1c\xe8\x8a\xcf\x2c\x70\xfd\x4e\xbd\xe2\xe8\xb4\xe1\xe8\x3a"
	"\xea\x89\x30\xf6\xf8\xbc\xb1\x44\x36\x8c\x5e\x3d\x96\xef\xb4\x98"
	"\x37\x5f\x39\xfe\x3e\x81\x60\x4b\xf3\x52\xc5\x09\xe4\x68\xa4\x19"
	"\x5f\x82\x1e\x8a\x06\x24\xb1\x8d\x95\xd2\xcc\x8a\xa7\x47\xca\x40"
	"\xf4\x6f\xb9\xd8\xfa\xb3\x99\xe3\x28\xea\x47\x7b\x01\x8e\x44\x59"
	"\xe7\x97\x32\xdc\x20\xa4\x09\xe2\x57\x68\xbd\x14\x38\x3e\xdc\x96"
	"\xed\xcc\xc0\x1c\xcc\x7d\x8f\xcf\x71\x16\xf1\x7e\xf3\x9f\xd7\xcd"
	"\xf6\xe1\xe7\xe8\xf0\xb0\x76\x8b\x26\xb1\x3f\xdc\xfd\x1b\x77\xdb"
	"\xb0\x45\xaf\x95\x28\x25\x4a\xf7\x2d\x6b\x0d\xc6\x05\x7b\x9a\xd1"
	"\x3a\xed\xed\xb0\x86\xd4\x82\x13\xe9\x0e\x64\xac\xde\xe8\x74\x32"
	"\x75\xe6\xed\x82\xcf\x1a\xf4\xfb\xd5\x5f\xef\xc2\x41\x25\xc2\xc4"
	"\xa2\x5f\xef\x01\x30\x18\x66\xa9\x1f\xdb\x0d\x30\x4f\xaf\x8f\x0e"
	"\x5d\xe1\x03\xf1\x81\x8d\x1f\x7a\x55\xe9\xe0\xfc\xda\x7e\xfc\x8b"
	"\x7d\xf8\xf5\xf5\xff\x9b\x75\x0f\xac\x17\x61\x4b\x22\xea\x97\xbc"
	"\x0d\xb7\x7e\xed\x72\xab\x2f\x5d\x02\x88\x66\x4f\xd5\xd0\x3c\x0d"
	"\xb8\x48\xd3\xbb\xa1\xe0\xb1\x8e\xe0\x26\x0c\xeb\x24\xea\x0e\x83"
	"\xa8\x0b\x26\x16\x2b\xce\x23\x1f\xa2\x85\x56\xdd\x59\x12\xa6\xae"
	"\x3d\x5b\x03\x8a\xd8\x89\x08\xdf\x70\xc1\x6e\x7c\x24\x8d\x3a\xff"
	"\x1d\x7f\x98\x63\x83\x36\xea\xe1\x38\x92\xbb\xe7\xd7\x5a\x9b\xb7"
	"\x66\x5e\x95\xe8\xd3\xd2\xa7\xfe\x05\x0a\x5f\x0d\x9d\x83\x37\x27"
	"\xb1\xe3\x19\xf7\xa1\xa5\xf2\xe7\x52\x5d\x4c\xfd\xcb\x52\xe1\x9c"
	"\x64\x33\xaf\xd4\xcc\xa8\x72\x5f\x7a\x83\xb7\x2a\x9c\x30\x03\x36"
	"\xd2\xba\x4d\xaf\x2b\xdb\x1c\x31\x41\x85\xa7\xde\x33\x5e\x80\x7f"
	"\x17\xd4\x4d\x8d\xea\x16\x58\x37\xf1\x29\x4f\x2c\x86\xfc\x2f\x65"
	"\xd7\xd6\x1b\xb9\x8d\xac\xff\x4a\x63\x9e\x12\x60\x0f\xe2\xee\xb6"
	"\x7b\xec\x05\xf2\x40\x51\x54\x8b\xb1\x6e\x16\xa5\x6e\x79\x5e\x04"
	"\x67\xc6\x49\x0c\xcc\x0d\xb6\xe7\x24\x7b\x7e\xfd\x61\x91\xba\x90"
	"\x14\x8b\xf2\x06\x48\xe2\x66\x15\xaf\x22\x8b\xc5\x62\xf1\x2b\xcb"
	"\xb5\xac\x93\xd3\xd0\xea\xb8\x4a\x73\x73\xcf\x26\xaf\xcc\xa7\xd9"
	"\x75\x49\x6d\x6c\x72\xf0\x4b\x21\x99\x39\x49\xc3\x13\x63\x33\x49"
	"\x01\x96\x25\xc4\x5e\xd0\x8a\x22\xda\x08\x9e\x99\x71\xea\x9f\xaa"
	"\x8a\x47\x9b\x0c\x19\xd2\x20\x25\x8d\xe5\xe1\x58\x1f\xe1\xac\x5a"
	"\xab\xc1\xca\x60\x0c\xf9\x2d\xb3\x70\xce\x86\x24\x5f\x15\x73\x1b"
	"\xe2\x4a\xa1\x09\x30\xc4\xa6\x64\x7e\x6a\xa9\x2e\xaa\x2d\xd7\x86"
	"\xd6\x91\xa9\x93\x2e\x55\x4b\xfd\xd7\x71\x12\x84\xd7\x57\x11\x78"
	"\x92\x33\xdc\x72\x55\xcd\x5b\xb9\x3a\x02\x0a\xa7\x04\x55\xec\xc0"
	"\x43\x1a\xe4\x7d\xc8\xc8\x26\x35\x81\xa8\x14\xcc\x5f\x4f\x55\x54"
	"\x56\xcb\xe5\xef\x3e\x4e\xe9\x32\x11\x0e\x70\xcb\xd4\x9a\xd4\x95"
	"\x3b\xc2\xbc\xe2\x95\x7f\x91\x48\xd2\x11\x4e\x17\x2c\x6f\x3b\x67"
	"\xc1\x54\x20\x1d\x0b\x96\x2d\x0b\x3b\x22\x76\x5a\x18\x24\xd5\x41"
	"\xbf\xfb\xd0\x7d\x21\xc5\x76\x79\xcb\xbd\xd7\x65\xba\xe4\x53\xc3"
	"\xed\x56\xb4\x31\xd6\x8c\xa4\xf4\xfb\xb8\x0d\xb4\xb9\xfd\xfe\x0b"
	"\x3c\x98\x36\x3d\x49\x91\x09\xd5\x33\x61\x7b\xcc\x0e\x69\xf0\x4c"
	"\xdb\x7d\x0c\x61\x33\xe9\x39\x8f\x15\xab\x6d\xb8\x80\x12\xd0\xd6"
	"\x51\x3f\x18\xb3\x0e\x4e\x11\x6a\xed\xe8\xb6\xa3\xe5\x8c\x43\xb2"
	"\xc8\xa7\xe4\xa2\x36\x98\xdb\x40\x8b\x0e\xc7\x62\x4c\x1d\x86\x88"
	"\xb1\x06\xab\x1d\xa4\x96\x53\x72\x43\x2b\x5f\x32\x7c\xbe\x21\xd9"
	"\xae\xa8\x26\x67\x4c\x74\x4e\x55\xc8\x59\x09\xaf\x04\x0d\x93\x1b"
	"\xd4\x22\xff\x3c\x9a\xde\xfd\x2e\x29\x32\xfd\xb8\xa6\x54\xda\xfa"
	"\xd3\xcf\xb2\x0a\xd8\x5b\x3d\xa4\xb4\xa1\xd6\x1c\x98\x09\x42\xfe"
	"\xe9\x97\xda\x13\xcb\x7d\x94\x91\x30\xcb\x89\x1d\x11\x17\xc8\x89"
	"\xa5\x38\x85\xe9\xe0\x9f\xe6\x6e\xba\x4b\xae\xac\x5a\x6b\x48\x51"
	"\x86\x39\xee\x19\x49\xc3\x1c\x3c\xcb\x78\x51\xf2\x95\xfe\xc4\x74"
	"\x75\xe0\x68\x7c\x0c\x33\x44\x51\x1d\xb8\x8e\xd2\x1f\x79\xe1\x73"
	"\xae\xbe\xbe\xb7\xdc\x09\xcf\x10\x6b\xd9\xc8\x30\x4e\x94\x20\x53"
	"\xed\x0c\xa5\x43\x1e\x3b\xf1\xeb\xbb\xdf\x9f\x3e\xbe\xb3\x3b\x97"
	"\xc7\x57\xce\x33\xa8\x49\xa8\x9e\x0e\xa6\x90\x3f\x1d\x86\x2d\x0c"
	"\x0c\xda\x89\x8f\xd2\xdb\x6f\xc8\x14\x41\xe3\xa1\xc0\x26\xdd\xc7"
	"\x24\xb6\x57\xe9\x41\xca\x41\x37\xc5\x23\xff\x0e\x98\x00\xb4\x78"
	"\xdc\x3d\x5f\xd5\x9e\xf3\xea\x60\xef\x97\x32\x91\x67\x04\x2d\xc5"
	"\x10\x81\x6e\xcb\xfc\xa9\xab\xb2\xef\xe0\x13\x7e\x08\x1d\x64\xdf"
	"\xb2\xf7\x33\x5d\x8d\xf2\x80\x30\x83\x59\x9f\x54\x17\xad\xed\x4c"
	"\xa5\x08\xfb\x72\x75\x4c\xeb\x0f\x75\x8c\x15\x52\x48\xd5\x9a\xaa"
	"\xcb\xdf\xe6\xbe\x62\x4e\x79\x1e\x39\x0e\xc9\xf8\x0e\x2d\x89\xd8"
	"\xce\x39\x12\x03\x7b\x8f\xfa\x98\x21\x3d\x08\xba\xd3\x46\xf0\xd0"
	"\x4e\xe0\x75\x04\x94\x04\x5d\x02\x3b\x1e\xfa\xec\xbc\x6c\x86\x87"
	"\x2d\xcd\x09\xc5\xf4\x80\xc0\xe3\xa7\xca\x59\xef\xee\xb5\x36\xd0"
	"\xc1\xa2\xf4\xee\xd3\xe3\x1f\x0f\x3f\x3e\xbf\xbe\x33\x94\x12\xc0"
	"\x7a\x05\xab\x74\x4e\xea\x5b\x57\x2b\xa9\x9a\x0a\xde\x90\x0b\xc1"
	"\x93\x7b\xac\x59\x2a\x7f\x95\xde\x6b\x7b\x45\x43\xf2\xca\x7f\xc9"
	"\x2a\x59\x5d\x54\x80\x29\xc9\xdc\x01\xf5\xa1\x0c\x1c\x3d\xe5\x09"
	"\xe6\x8f\x27\xf0\xba\xc3\xc0\xa9\xe7\xfc\xbe\xf3\xd0\x40\x82\x91"
	"\xe3\x85\xdb\x35\x9b\x88\xe1\x1f\x2e\x19\x1d\x7c\xd7\x25\x83\x76"
	"\x01\x1d\xc9\x00\x04\x54\x14\xea\xea\xd9\x4a\x55\xf8\x7c\x0b\x18"
	"\xcb\x81\x20\x8b\x8a\xd9\xc9\xd7\x1c\xa3\xb8\x7e\xf8\x5e\x3e\x92"
	"\xef\x6b\x9a\x74\xb8\x7a\x14\x6b\xe5\xc3\xfd\xaf\xe9\x0b\x63\x11"
	"\x97\x70\x37\x16\x19\xa6\x02\x66\x98\x5f\x30\xaa\x39\xb3\xd6\x1a"
	"\x35\xf9\x9d\xd6\x34\x0a\x9a\xa0\x94\x1b\xb1\x79\x9c\x30\x29\x47"
	"\xd3\x55\xc7\x24\x08\xda\x20\x59\xa4\x8e\x97\xf1\x86\x21\xfd\x26"
	"\x60\xcf\x21\x08\x31\x71\xcb\x9c\x28\xe9\x7e\xb7\x47\x48\xbc\xa6"
	"\x08\xc5\x03\xaa\x6a\xd1\xe5\x34\x89\x78\x29\x1c\xd4\x37\x7b\x22"
	"\x14\xeb\x23\x5b\x55\x68\xb3\x05\xb1\x5d\xe0\x6c\x22\x5f\x2d\xba"
	"\xb1\x46\x44\x2d\x8f\xa4\xac\x01\x2f\xc0\x1d\x7b\xdf\x22\x35\x09"
	"\xe1\x19\xb5\x58\x84\xc7\xac\x65\xbd\x7f\x45\x27\x7d\x41\xec\x11"
	"\x95\xbf\x95\x09\x98\xc5\x8b\x64\x64\x7e\xcd\x24\xdf\x6c\x99\xa9"
	"\x8b\x59\x06\x24\xcf\x14\x82\xe4\xc4\xc3\xaa\xe7\x86\x39\x22\x90"
	"\x8a\x0e\x3c\x10\x1b\x5f\x39\xe0\x2a\x00\x5e\x28\x4e\x61\x7a\xc7"
	"\x0b\x8a\xbd\x6e\xda\x15\x95\x58\xee\x5e\x15\xd0\xe7\xe6\xe3\xb7"
	"\x2f\xbf\x3f\x7d\x7d\xfc\xb4\x19\xa0\xc7\x7d\x22\xb9\x6b\x5c\x11"
	"\x65\x92\x60\x92\x0c\x64\xab\xe4\xd7\x87\xe7\x3f\x1f\x5f\x2d\xcb"
	"\x9c\x95\xaf\x81\x0b\xee\x46\x83\x51\xaf\x4c\x86\x99\x5b\x01\x34"
	"\x8a\x36\x5f\xe9\xea\xc4\x3e\xec\x78\x48\xd3\x47\xae\xb9\x07\x2b"
	"\x5c\xb3\x38\x0e\x31\x36\xfe\x1d\x6a\xe6\x88\x05\xad\xde\xd8\x83"
	"\x34\x5b\x2b\x2c\x85\x16\xbd\xb1\x34\xb8\x15\x51\x60\x73\x6b\x85"
	"\x66\xde\x17\xb4\x5e\x4e\x6b\x97\xf4\x30\x04\x06\xcc\x5e\xbf\x9e"
	"\xbc\x05\x60\x10\x56\x2b\x3c\xc9\x6a\x13\x8a\x64\xdc\xec\x83\x9d"
	"\x2e\x4a\x25\xec\xde\x3c\x19\xc1\x30\xe8\xc7\xaf\xf7\x72\xfb\x96"
	"\xae\x87\x4f\x96\xf9\xc6\x12\x01\xfe\xab\x5b\x99\xdb\x0e\x2c\xa4"
	"\x8f\xe5\x4d\x93\x5a\xaa\x9d\xb9\x10\xab\x6d\xa7\x95\x3c\x7e\x00"
	"\xc0\xc9\xd2\x23\x61\x94\x0b\x5f\x1e\x5e\x3f\xfe\xf5\x88\xcb\x85"
	"\x1c\x6e\x7e\x95\xdf\x12\x1c\x2b\xd6\x86\x42\x73\x6b\xb4\xcb\x50"
	"\x79\x4b\x08\xde\x20\x77\xd6\x8a\x06\xb3\xdf\x2f\x98\xa5\xf6\x67"
	"\x39\xf0\x7a\x79\x8a\x22\xba\x6f\x98\x58\xe5\x72\xc0\xc4\x30\x2e"
	"\x75\xaf\xbf\xc6\x15\xf8\xac\x33\xd3\xa8\xd2\x06\xc7\xa3\x6a\xdf"
	"\x3a\x74\xb0\xc5\xbe\x99\x97\x9d\xfe\xab\xcf\xf2\x16\xb9\xa9\x39"
	"\x19\x2d\x56\xba\xc4\xc4\x1b\x8b\x02\x54\xa5\xf5\xe1\x76\xe3\x8c"
	"\xf8\x58\xb2\x95\x26\xa1\x26\x5a\x2f\x6f\x0d\x57\x4c\x2b\x25\x66"
	"\xbb\xe6\x8d\xe5\xb9\xb1\x55\x7c\x2c\xab\x83\x20\x8f\xbc\x2b\xf4"
	"\x7a\x6d\xa6\xe9\x43\x7c\x59\x37\x6f\x9d\x13\x45\xe2\x9e\xf8\x42"
	"\xdc\xa5\x48\xde\x36\x1e\x0e\x12\x82\x87\x43\x5f\x4e\x85\x59\x6e"
	"\x1b\xdb\x34\xe2\xe1\xb9\x6b\x4b\x33\x92\x03\xc6\xb1\x7b\x03\x8b"
	"\xfb\x68\xd1\xc3\xe8\xd9\xb2\x82\xec\x8c\x64\xf9\xdb\x99\x29\x2b"
	"\x9a\xb7\x0d\xaf\xa3\x4f\x7b\x18\xca\xe1\x5e\x33\xc0\xe2\x46\x0a"
	"\xf2\x72\x28\xdb\xe2\x0a\x57\xed\x38\xae\x7b\x98\xf4\xfe\xf7\xb6"
	"\xce\x81\x86\x15\xac\xb1\xdd\xef\x9c\x5b\x3a\xc1\x1a\xec\xe6\xea"
	"\x24\x16\x5b\x29\xaf\xfe\xfd\x06\x93\x4a\x02\x56\xa3\x9a\x28\xa3"
	"\xd4\x25\x76\x66\x75\x49\x7a\xdc\xc7\x74\xf3\x8c\x11\x03\xb8\x8a"
	"\x4c\xc6\x4c\x01\x60\xef\x20\x35\x72\xa0\x01\xe2\xa2\xae\x9a\xc1"
	"\x4b\xf3\x65\xba\x3a\x30\xf9\x12\x73\x22\xa4\x22\x57\x93\x98\xf9"
	"\xe9\x7e\x53\x81\xa2\x54\x9e\xc3\x94\x7d\x96\x97\x43\x2d\xd3\x79"
	"\x35\x9d\x93\xac\xf4\x41\x2b\x49\xfd\xe9\x7a\xbb\xf1\x10\xea\xca"
	"\xb5\x94\x99\xd4\xc6\x44\xf9\xd6\x04\x3f\xfb\xa4\x42\xfe\xe6\x28"
	"\x90\x16\x59\xdc\x17\x4a\x23\xf4\x5f\xdf\xba\xe7\x65\x2b\xeb\x3c"
	"\xb2\x08\x83\xab\x89\x3b\xed\x9a\x54\x5b\xa7\x97\xc5\xd1\xf6\xd2"
	"\xb2\xb2\x0d\x5a\x16\x02\xd9\x61\xb1\xca\x01\x46\x7b\x35\xea\x9e"
	"\xcb\xc1\xac\xc9\xd9\x4d\x92\xca\x6e\x0b\xf0\x66\x6e\xba\x9c\xb9"
	"\xfe\x0f\x4f\xb0\x4f\x28\x09\x73\x07\x87\x65\xf9\xbf\x87\xff\x76"
	"\x61\x1e\xf0\x85\x79\x40\x16\xe6\xc1\xbf\x30\x0f\xfe\x95\x37\x2f"
	"\xb2\xc3\xc2\x6e\xb9\x48\x1c\x56\xde\xc1\x63\xab\xb0\xd7\xde\xc1"
	"\xfb\x35\x0e\xce\x0a\x32\xbe\xe5\xc1\x5c\x44\xc8\xf7\x36\x78\x58"
	"\xcb\x0f\x97\xeb\x6c\x30\x8a\xeb\x5c\x70\x24\x59\xe7\x4a\xb3\x75"
	"\x1e\xe8\xb9\xf6\x6f\x5e\xe7\xcd\x53\x7c\x8c\x16\xc2\xc1\x5f\x44"
	"\xdd\x84\xaa\x99\x2c\x04\x78\x3d\xcb\x99\x7b\x58\x11\x27\x87\xb7"
	"\xca\x93\x83\xb5\xc0\xed\x64\xbd\xee\xdc\x52\xc7\xa5\x17\xea\x53"
	"\x41\x10\x1f\xf0\x61\xa8\x30\x49\x81\x9e\x3a\x60\x6f\xa5\x0d\xe2"
	"\x40\x1f\x23\xf7\xc2\x1c\x01\x01\x21\x5e\xfc\x0f\x50\xb2\x2d\xb8"
	"\x5e\xf9\xbb\x3f\xf9\x1f\x96\x47\x35\x8f\x8f\x0c\xc3\x42\x55\x0e"
	"\x06\x82\xb8\x77\x37\x32\xc9\x5b\xd8\x29\x23\x45\x7f\x7d\xb1\xdb"
	"\xfa\x5d\xf4\xb2\x8c\xee\x90\x31\xe9\x30\xe8\xbf\xcc\x6f\xfd\xe8"
	"\x76\xfe\x47\xf5\x19\xa9\x10\x7c\x91\xb4\x2c\x10\x95\xe6\x90\x95"
	"\xe7\x0a\x41\x17\xe2\x8c\x31\xe8\x90\x8d\x0a\x60\x0c\xc5\x18\xf5"
	"\x46\xc9\xdb\xbb\x1f\x8f\x3f\x1e\x9f\xbe\xfe\xf9\xcb\x80\x31\x67"
	"\x39\xf1\x0e\xdc\x7d\xda\x44\xee\x78\xaa\xe4\xc4\xfb\x9a\x60\x24"
	"\x57\x35\x2f\x7d\xd9\xd4\xf1\xe4\x0e\xf5\xef\x11\x4a\x0d\x8e\x83"
	"\x74\x91\x44\x2b\xf4\x70\xf9\x0d\xbb\xcb\xc2\x0c\x51\x12\xa4\x1f"
	"\x6b\xcc\xb8\xa7\xc8\xf2\xff\x2c\xf7\xf5\x3d\x46\x40\x4f\xa6\xb1"
	"\xb9\x83\x51\x0b\xb2\xd0\xb4\xbc\x65\x41\x8e\xbb\x95\xde\x53\x78"
	"\x1c\x15\xe4\x48\xee\xde\xc4\x14\x24\xa7\x69\x78\x08\x2b\xce\x02"
	"\x23\x38\x5f\x61\x2e\x33\x66\xc8\x7b\x89\x69\x90\x97\x6f\x11\xb4"
	"\xa5\xec\xf3\xc3\xcb\xcb\xd3\x1f\x4f\x1f\x97\x17\xa7\x52\x8f\x72"
	"\xdc\x47\x65\x02\x3c\xfb\xb2\x7d\x4e\x46\x82\xba\xe3\xbe\x44\x1b"
	"\x01\x2c\xc9\x19\xe9\x1d\x10\x9d\xc3\xcb\x90\xb4\x88\xcb\xb4\x60"
	"\x70\xcd\xd4\xcb\x5a\xa5\x60\x08\xd4\x3b\x05\xd8\x72\x3b\xba\xb0"
	"\xfd\x4d\xa5\xb1\x3a\x58\xa1\xda\x64\xfd\x01\x6a\x94\x5b\x5d\x6e"
	"\x87\xcd\x9c\xd3\x06\x58\xea\xfd\xce\x2e\x73\x20\xd2\x1c\x35\x68"
	"\x8d\x2c\xca\x16\x18\xac\xd6\x1d\x66\x83\x92\xb3\x86\xac\x55\x00"
	"\x10\xed\x81\xb1\x24\xd4\xf1\x42\x26\x70\x6b\x0a\x06\x0d\xb6\x4c"
	"\x3f\x12\x5b\x49\x38\x12\x7d\xc5\x1a\x21\x15\x00\x39\xe7\x10\xa5"
	"\xc3\xed\x00\x50\x04\xc9\xab\x0c\x97\x01\x44\xe9\xaa\x4d\x90\x8e"
	"\x29\x09\x53\x47\x58\xe0\x4a\x49\x37\x82\x07\xbe\x91\x62\xb8\x8d"
	"\x56\x0b\xa1\xce\x3d\xd4\x82\x01\xf6\xe7\x20\x83\x9c\xba\xe1\x1a"
	"\x06\x1b\xee\x5a\x53\xf3\x32\x0e\x0f\x68\x12\x1e\x70\xed\xd0\x02"
	"\xfe\xce\xc1\xf5\xc2\x8b\xd0\xbe\x91\xf0\xc4\xda\x32\x63\xea\xdf"
	"\xe7\xe2\x02\x5e\xa2\x8b\x12\x02\xf9\xfa\x75\x24\xa9\x66\x11\x05"
	"\x94\xec\x87\x39\xae\x58\x71\xd2\x90\x50\x7e\xad\xc8\xe3\x92\x6d"
	"\x39\xdf\xc0\xb5\x32\xea\xdf\x2e\x27\x27\x9a\xb3\x2f\x10\x7c\xfd"
	"\x54\x04\x76\x46\xd5\x52\xc7\x0b\xc4\xe2\xc8\xf6\x70\xb8\x02\x03"
	"\x51\x88\xab\xa0\xc2\x07\xde\x7f\x5b\x94\x9d\xa4\x19\xde\xf7\xb5"
	"\x19\x15\xb1\x4e\x54\x44\x50\xf3\x46\xa1\xab\x7c\x71\xfe\x94\x8f"
	"\x90\xb3\x7d\x2f\x39\xf4\x7d\x6a\x6c\xcb\x88\x1a\x02\x53\x8a\xfb"
	"\xde\x8e\x72\x15\xdd\x2d\x23\x55\xb9\xa1\xa6\x44\x53\x33\x92\x7b"
	"\x00\xbd\x4d\x97\xe9\x0c\x42\x08\x0f\xa6\x67\xf3\x39\xc4\xe6\xf5"
	"\xf1\x65\x08\xcc\x6a\x7b\x3a\xdd\x36\x58\xb8\xd5\xc1\x21\x58\x45"
	"\xcd\x41\x19\x62\x88\x94\x91\x97\x05\x6f\xca\xc0\x57\x1d\xd0\x8e"
	"\x81\x19\xc5\x0d\x48\x49\x2e\xcf\xcb\x88\x4a\x44\xbd\x10\x49\x91"
	"\x89\xb5\x0c\x01\x9f\x58\x6c\x1d\x0f\x65\x5a\x9d\xc0\x85\x93\x7f"
	"\xe5\xc8\x1c\x05\xab\x30\x5a\xca\xe3\xca\x5b\xa7\x9c\xc0\x56\xb5"
	"\xb6\xcd\x46\x25\x20\x47\xa5\x08\xae\x0f\xb3\xc4\x0d\xe3\xad\x9f"
	"\x91\x7f\xfe\xf1\xf8\xfa\xed\xdb\xeb\x5f\x1b\xfd\x40\xdc\xf7\x64"
	"\x09\xea\xa6\x3c\x6a\x5a\x11\xa1\xad\x06\xba\xc0\x86\x51\x33\xb4"
	"\x04\x39\x2a\x0f\xf9\x69\xbe\xbb\xd8\x77\x21\x8e\x24\xdc\x82\x53"
	"\x4a\x39\x46\xce\xeb\x53\xe6\x1f\x56\x59\xef\xe5\xbe\xeb\xac\x67"
	"\x8a\xf2\x74\xdc\xd5\xd8\xf9\x32\xe9\x6f\x29\x12\x5d\x6b\x65\xa9"
	"\xc0\x43\x91\xba\xb5\xec\x57\x67\x0e\xf1\xe3\x4d\x57\x3a\x9a\x1c"
	"\xe1\x74\xb5\x5d\xa6\xc8\x6d\x99\xf5\xd1\xed\xe0\x9e\x3a\x4f\xf5"
	"\x4c\x53\xe1\xfb\xe6\x0e\xca\x8f\x81\xbd\x3d\x94\x11\x03\xec\x87"
	"\x14\xcf\x75\x7f\x26\x75\x21\xb5\x60\x11\xe6\xa7\x0c\x02\x45\x0d"
	"\x31\xbe\xfa\xb2\x68\x7d\xf6\x75\xa3\x74\xed\x02\xe9\x88\xaf\x91"
	"\xac\x5e\x12\x41\x98\x8f\x9a\x1d\xe3\x28\x54\x10\xad\x63\x32\x2e"
	"\x60\x6f\x51\x67\x47\x79\x9a\x8f\xbb\x3c\x52\x1c\xa1\xd2\x65\xf5"
	"\xe0\x48\xd0\xb7\x55\x3c\xa0\x6b\x98\xb0\xf9\x58\xf6\x91\x04\x9a"
	"\xa5\xba\x71\x54\xc0\x22\x0a\x7e\xca\x78\xbc\x7d\xe6\x32\xd5\x17"
	"\xe1\x32\xb9\xe5\xa6\xec\xd5\xbf\xad\x87\xc7\x43\x12\x2c\x64\x2b"
	"\x3a\xac\x4e\xe6\x45\x85\x78\x64\x0d\x0c\xc7\x2a\x70\xb2\xbb\xa9"
	"\x10\x09\xc7\x91\x13\x01\xab\xe0\x36\x11\x39\x06\x27\xbe\x73\xb9"
	"\xd4\x1a\x45\x5b\x28\xea\xbc\x0d\x3c\x3c\x6f\x92\xa7\xc7\xcf\x10"
	"\xc9\xef\xcb\x97\x1f\x5f\x87\xb3\xd1\xe6\x27\xc9\xf4\xf3\x20\x73"
	"\xcc\x67\xfe\x8c\x0e\xd9\xc7\x77\x7b\x82\xf5\xd5\xbe\xcf\xec\xe8"
	"\xd5\x90\x9a\x10\xaa\x40\x40\x01\xd7\x07\x6b\x64\x5f\x15\x57\x97"
	"\xef\x71\xea\xc1\xf7\x99\xa1\x70\x65\x06\x63\x76\x33\x74\x1a\x40"
	"\xad\xf7\x6a\x56\xbe\xf7\x10\x5b\xc1\x95\x97\xb7\x11\xfb\xd9\xa0"
	"\xc2\x07\xb2\xe2\xa2\x02\x8d\x96\x49\xc2\x58\xa8\x07\xfb\x7d\x8f"
	"\x09\xbe\x99\x83\xef\x28\x82\x95\x02\x3c\x59\x79\x3c\x3a\x38\xc3"
	"\x2b\x3a\x3e\xa6\x8e\xfa\x3c\xab\x47\xa5\x51\x34\xfd\x88\x8c\x35"
	"\x1e\x43\xea\x52\xce\x24\x27\x80\xa5\xda\x9b\x01\x6f\x2c\x17\xf8"
	"\x39\x5b\xca\x29\x50\x02\xbd\xcb\xf0\x5e\x45\x84\x1a\x38\x1c\xec"
	"\x34\xe6\x51\x63\x64\x79\x55\xee\x01\xbb\x55\x1b\xde\xfc\xc8\xdd"
	"\x78\xf5\x4a\xf2\x88\x4c\x31\x7c\x1e\xbf\x3e\x3e\x3f\x7d\x1c\x18"
	"\x37\xa5\xfb\xba\xb3\xd5\xe1\x24\x5d\xe7\x02\x2b\xb9\x87\x67\x7d"
	"\xbf\xbe\xfb\xe5\xe5\xf7\xa7\xaf\xbf\xfc\xf5\xed\xf5\xfb\xe7\x1f"
	"\x7f\xbe\x9b\xfd\xc6\x4f\x4d\x5e\x25\x4e\x38\x4b\x9d\x26\x67\x53"
	"\xeb\xbd\xaf\x95\x32\xa8\x88\x49\x56\x16\x56\x98\x54\x5d\x67\xc2"
	"\xeb\x5c\x05\xd3\x50\xa0\x29\xc6\xc3\xe5\x73\xaf\x31\x5b\x8c\xa4"
	"\x91\x95\x17\x03\x10\x92\x09\xc6\xdb\xd4\x64\xe2\x80\x89\xeb\x96"
	"\xa3\xa3\xef\xb9\x3d\xf7\x92\xcd\x30\x2c\xe3\x40\x67\xa0\x36\x42"
	"\x20\x1a\x03\x1f\xc4\x09\xe8\xa9\x91\x0f\x90\x77\x33\x8a\x81\x9d"
	"\x6a\xe4\xb9\x80\x66\x50\x08\x17\xba\x18\x29\xf7\xf3\x12\x79\x75"
	"\xae\xd8\x08\xa0\x85\x8c\xcc\xb8\x06\x0a\x38\x86\xe9\xbd\xec\xd4"
	"\x89\x0b\x44\xff\x1c\xf1\x26\xe0\x2d\xb9\x0e\x9f\x2d\x02\xe0\x6a"
	"\x2a\x16\x5b\xdb\x94\xaa\xca\x65\x38\x47\x20\x9f\xda\x4c\xfe\x20"
	"\x11\xcf\x78\xc3\x4d\x0d\x02\xb0\xd1\x2d\x50\x71\xb9\xb9\x59\xb7"
	"\x80\xfa\x37\x08\x88\x45\x9a\x30\xa3\x36\x0e\x69\x79\x6e\xc6\xa1"
	"\x1d\x33\xd7\x06\xd0\x02\xc4\x9f\x52\xb8\x8c\xf1\x8c\x7b\x36\x0f"
	"\xba\x24\x26\x0c\xa0\xd5\x94\x57\x9b\x4f\x4c\x40\xf8\xaa\x7c\x5a"
	"\x5e\xb1\x7e\x23\xa1\x50\x86\x9f\xfe\xfc\xf1\xed\xc7\xcb\xe6\xcb"
	"\xe3\x97\x6f\xcf\xff\xd9\x3c\x3c\x3f\x3e\x6c\x5e\x9e\xfe\xef\xf1"
	"\xdf\x26\xc0\x11\x51\x3b\x6e\x9f\x6b\x4f\xad\xc3\xc5\x82\x22\x00"
	"\xd6\x6c\xf4\xe3\xb2\x60\xf7\x26\x32\x20\xcd\xc9\x85\x82\x01\x07"
	"\xd9\x45\xf1\xe2\x0d\x4c\xde\x2d\x5f\xc1\xf9\x41\x18\x49\xe5\x7a"
	"\x76\xed\x7e\x56\x1d\x2c\xa0\x94\x47\xb2\xf2\x78\x6f\xc3\x29\x50"
	"\x52\x11\xca\x9b\x7b\xb9\xfa\x3a\x65\x4f\x9b\xc0\xea\xe7\x2d\xd3"
	"\xc6\xe4\xa0\x1c\x90\x6d\xab\xbc\x45\x91\x00\x24\xcb\xd5\x3f\xff"
	"\xac\xb0\x14\xc8\x8d\x88\x8a\x75\xd1\x1f\xb9\x88\x24\xa3\x7f\x2f"
	"\x52\x51\xc9\x01\xb5\x13\xa6\xa3\xff\xd4\x3f\x04\x35\xe8\xf5\x6f"
	"\x24\x8a\xae\xdc\x5d\x28\x76\xac\x3b\x16\x48\x48\x84\xbc\xf1\x46"
	"\x93\x69\x8c\x39\x5f\x5a\x26\xc8\x12\x82\x28\xf3\xa6\xf1\xfb\x86"
	"\x4a\x6a\x92\x01\x86\x88\x19\x16\x54\x26\x6a\x14\x44\x2f\x09\x9c"
	"\x21\x2d\x45\x7e\x4e\xb3\x03\x0a\xc8\x74\x6b\x39\xc9\xdf\xd6\x2b"
	"\x74\xf9\x3b\x8f\xcd\x35\x28\x13\xdc\x02\x14\x34\xbc\x53\x08\x40"
	"\x94\xd6\x27\x00\xef\xb5\xaf\x06\x24\x49\x0a\xbd\xda\x09\xe7\x6e"
	"\xc2\xf3\xb9\xae\x5c\x76\x98\x30\x5f\x10\xb3\xa2\x95\xfa\x66\x84"
	"\x5c\x44\x8d\x4c\x80\xa5\x2e\x84\x6c\x4f\xc3\xab\xfd\xae\xf3\xad"
	"\x90\x0f\x35\xb1\xda\x0a\xbf\x75\x60\xb1\x08\x73\xf2\x1d\x4b\x8f"
	"\x09\xbd\x39\x5c\x04\x59\xda\x1c\xc1\x4d\x1f\x19\x28\x44\xd3\x54"
	"\xef\x82\x02\x91\xee\x33\x1d\x00\xc9\x93\xaa\xb0\x4b\x35\x94\xb0"
	"\xf9\x0e\x7b\x2a\x1d\x22\x90\x95\x99\x13\xb2\x68\xd9\x91\x3a\x0a"
	"\x87\x69\x2b\x56\xe8\xe2\x36\x0e\x34\x5f\x8f\xf0\x32\x71\x6e\xb8"
	"\x87\xa6\x0e\x35\xd7\xdb\x1b\xc3\x78\x4e\x63\xc0\x7d\xab\x6e\x1b"
	"\x1a\x9f\x62\xec\x6a\x52\xcd\xb4\x9e\x21\x10\x06\x53\x0d\x2b\x1d"
	"\xaa\x45\xd7\x85\x47\xe4\x94\x23\x9a\xab\x24\xf4\x09\xc5\x69\xfa"
	"\xd6\xdc\xa7\x55\x52\xd3\x24\x07\xbf\x94\xf2\xea\x42\xf7\x2a\xc2"
	"\x00\xcd\xac\x83\xd2\xef\x0d\x21\x74\xa7\x5e\xb2\x1b\x54\xbf\xac"
	"\x9a\xcb\x80\xa0\x24\xc8\x36\x39\x73\x39\xb5\xd3\xb4\x85\x37\x37"
	"\xb5\x65\xc8\x55\x14\x4e\x23\xac\xa0\xd3\xce\xd3\x39\x50\xcb\x84"
	"\x5c\xa2\x36\xc4\xaf\x2e\xe9\x18\x8d\xbb\x4e\xfe\xf4\xf2\xd1\xb7"
	"\xed\x08\x56\x48\xed\x07\xe0\xcb\xc4\x3e\x3b\x5d\xec\x90\x49\x11"
	"\x5f\xed\xae\xba\x3e\xae\x4a\xff\xd9\x55\x01\xdd\x80\x2c\x43\xae"
	"\xa8\x49\xd1\x60\xb1\xcc\x8f\x10\x1e\x83\x5e\x22\xee\x01\x49\xae"
	"\xd4\x4a\xff\x15\x36\x15\x37\xfb\x9d\xb8\xbc\xd8\xfa\xc1\x62\x0a"
	"\x9a\x95\x0a\x24\x15\x24\xaa\xab\xbb\xcd\xa6\x43\xa9\x17\x65\xfe"
	"\x13\x37\xa9\x62\x71\x73\x7d\xb1\x23\x18\x80\x84\xc8\x76\x37\x18"
	"\xb0\xbd\x26\xee\x90\x38\x3a\xc3\xa8\x37\x92\xe9\xea\x2a\xcc\x13"
	"\xa5\xdb\xf7\xef\xc3\x2c\xaa\xa1\x37\x17\xfe\xe5\x96\xe6\xf4\xb0"
	"\xbf\xf2\xfb\x27\xc4\x62\x7b\xb8\xde\x21\x63\x0f\xc2\xf9\xfd\xd5"
	"\xd6\x4f\x96\x67\xd9\xc1\xe0\xde\x27\x82\xdc\x5c\x5e\x5f\x20\x6e"
	"\x0b\x4d\x23\x87\xbe\x67\x54\x9e\xff\x03\x0a\x83\xa8\x09\x1e\x1c"
	"\x63\x0c\x6f\xd1\x23\xfb\x7c\xab\x03\x03\x69\xe4\x16\x0b\x60\xc7"
	"\x24\xa0\x78\xcd\x03\xfc\xb4\x06\x15\x1a\x3c\x4a\x67\x81\xb9\x73"
	"\xf7\x55\xb5\x7a\x18\x93\x5a\x7e\x6e\x04\x1d\x9a\xa7\x9d\xa2\x48"
	"\x31\xba\xf3\xcf\xe9\x99\x7e\x15\xa2\x67\xec\x48\x10\x40\x9e\x81"
	"\x43\x6a\xab\x87\xeb\xf7\xc1\x42\x6e\xf6\xb4\x3b\x84\x19\xba\xee"
	"\x32\xc8\xc1\xe3\xa6\xbf\xbe\x49\x2b\x26\xfc\xb3\x8b\x46\xef\xb7"
	"\x17\x8b\x35\xaa\x06\xa4\x79\xfc\xe7\xe1\x65\xc3\xbf\xbe\xbc\x3e"
	"\xff\x00\xf4\xbc\x97\xcd\xcb\x5f\xf2\x34\xf0\x69\xf3\xfa\xfc\xf0"
	"\xf5\x05\xc6\x6d\xf3\xf9\xe9\xeb\xe3\xe6\x93\x14\x4d\x4f\xdf\xe1"
	"\x4f\x73\x1c\x1b\x88\xa9\x13\x9c\xf5\x20\xb2\xe0\xf0\xb3\xce\xe4"
	"\x98\x55\x34\x46\x1e\x38\x0e\x3e\x6c\x92\xea\x48\x36\x7f\x3c\x3d"
	"\x7f\xf9\x1b\xe2\xe5\x7c\xfa\xf6\xf7\x57\x08\xb0\x37\xbc\xd1\xb3"
	"\xf4\x73\x70\x8a\x22\x30\x4b\xaa\x6c\xe9\x26\xfc\xf5\xf5\xf1\xf3"
	"\x26\xe7\x54\x69\xf7\xda\xc6\x30\x82\x05\x0a\xca\x13\x4f\xf2\x49"
	"\x2a\x14\xcb\xd4\xb9\xa0\x14\x50\xb7\x30\x22\x7d\x78\xfe\xe4\xab"
	"\x06\xe5\xff\xf6\xfd\xf9\x9b\x94\xfc\x2f\xdf\x9e\x37\x42\xa1\x7a"
	"\xcd\xa0\x86\x9b\x9f\x68\x29\xf2\x9f\x0d\x13\xca\xd4\xbe\xa9\x38"
	"\xf3\x44\x7c\xbe\x43\x30\x5f\x69\x8a\xdc\xbf\x74\x99\x82\xc6\x45"
	"\x89\x24\x69\xc7\xe3\x7a\x59\x09\x94\xcd\xb1\x63\x4e\x3b\x1d\x00"
	"\xfd\x50\x7b\x1b\x55\x49\x98\xb8\x10\x69\x3e\xe4\x30\xec\x6b\x02"
	"\x32\x80\xd1\x4f\xd2\x12\x9b\xa4\x53\xc5\xd5\xc5\xc5\x05\xa9\xdc"
	"\x50\x45\x23\x71\x7b\x81\x89\xe8\x89\x47\xec\xb7\x17\x64\xf9\x5a"
	"\xcb\xf2\x5d\x85\xe0\x4d\x1f\x9f\x9f\xbe\xbb\x01\x17\x55\x00\x47"
	"\x6d\x82\x40\xa7\xbc\xbe\x6e\xd5\x3c\x5a\xa6\xe1\x6c\x1a\x98\x33"
	"\x27\x85\x3c\x3d\xe7\xce\x5b\x02\x6f\x81\x52\xd4\xa7\xbd\x88\x74"
	"\x94\x77\x9f\x6b\x9e\xc1\x5b\x10\xd3\x22\x21\x95\x29\x80\x3e\xa7"
	"\x65\x65\x1d\x8f\xfb\x98\x5b\x00\x8e\x2a\x0c\x04\x81\x0b\x0d\x2b"
	"\x55\xaa\xaa\xf0\xa8\xde\xf2\xfa\x33\xaa\xa2\x3b\xba\xda\xf4\x2c"
	"\xe3\x2b\x0d\x96\x33\xc2\x3e\x6d\x99\xc4\x54\xf0\xf5\x3a\xe0\x94"
	"\xe4\x67\x1a\x80\xea\xf2\xbe\xcb\xf3\xf7\x3b\xe4\xac\xd3\xe6\x10"
	"\x20\x01\x9b\x26\x1e\xa6\xe5\x64\xb4\xa8\xd8\x6c\x1c\xb4\xda\x5b"
	"\x88\x1c\x8b\xf7\x49\xfe\xdd\xd4\x65\x06\x96\x5d\x08\x9f\x9a\x7b"
	"\xd1\x15\x47\x73\x78\xa4\xe3\xf0\xcd\x12\xa2\xe2\xa5\xd4\x2b\x64"
	"\x55\x8d\x3f\xb8\x1d\xad\xd4\xe1\x04\x8c\xd9\xce\x63\x90\xf4\x2c"
	"\x8f\xbf\x27\x3c\xe7\xb8\x3c\xfb\x3b\x33\xda\xd8\x94\x0a\x06\x67"
	"\xad\x50\xcf\x35\xb1\x46\x2a\x31\x7d\xd9\x54\x7a\x5e\xcd\x08\xf5"
	"\x19\x69\xd0\xf5\xaa\x64\x41\xdc\x92\x6c\x2a\xdb\xd3\x98\xe6\x83"
	"\x73\xaa\x56\x09\xf2\x18\x07\xb1\x54\x84\x0e\xa2\x81\x65\x53\x96"
	"\x6f\x65\xaa\x21\x80\x9a\xa4\xec\x25\x60\xf3\x75\xe2\x7f\x68\x5e"
	"\xea\x0d\xb9\xa3\x69\xfc\xcc\x35\xac\xc4\xaf\x57\x73\x48\x82\x99"
	"\xa4\xe2\xa8\x49\xd2\x76\xd1\xca\x73\x3c\x04\x59\xe3\xf2\x28\x22"
	"\x4f\xea\x9c\x12\xbf\x1b\x9f\xe6\x2f\x26\xfe\x52\x9e\x95\x33\x3f"
	"\x70\x5d\xf3\xc1\x79\x15\xa5\x12\x94\xb3\x82\x1f\xdd\x64\xa0\xcb"
	"\xee\x9b\x86\xb5\x69\x1c\x35\x8a\x5f\x69\xde\xe0\x28\xfc\xf4\x78"
	"\x07\xd1\x4a\x0c\xb8\xae\x0f\xdc\x46\xd5\x6d\x3e\x34\x2d\x0f\xf4"
	"\x66\x08\x6e\x84\x8e\xaa\x13\x8c\xa1\xf9\xa0\xc5\xaf\xf5\xf8\xd9"
	"\x48\x1c\x7b\xb0\x18\xe5\x3b\x3a\x58\x0f\x60\xc8\x00\x05\x7a\x45"
	"\xde\xea\x5c\x38\xd2\xb3\xac\xb3\x38\x27\x02\x6d\x77\xcc\xaa\xac"
	"\xbc\x97\x3f\x48\xbd\x9c\x46\xb7\x10\xc3\x82\xc8\x85\x59\x94\x70"
	"\x15\xec\xbd\xda\x76\x38\x45\x5e\x0d\xab\xdb\xb9\x1b\x94\xc3\x6b"
	"\xed\x83\x73\x32\xb6\xe7\x2a\x83\x00\xcf\x06\xaf\xec\xe9\x50\xda"
	"\x4a\xd1\xfa\x51\xed\x7f\xe6\x55\x0c\x44\x07\x69\xcd\xa7\x64\xf0"
	"\x6b\x6a\xb7\x93\x2c\xd5\xe0\xf7\xf2\x7c\x64\x84\x6f\x4b\x4f\x36"
	"\x45\xea\x17\x6e\x59\xa3\x53\x09\xa5\x8b\x6a\xa6\x5c\x36\x2d\xe5"
	"\x94\xb6\x15\xc0\x8d\xd6\xce\x1d\x5c\xab\xaf\x06\xcb\x22\x56\x05"
	"\xf8\x8d\x05\xaa\xd2\x5c\x1e\xf5\xae\x71\x3a\xb8\x56\xf4\x01\x77"
	"\x2b\x9e\x80\x59\x75\x98\x44\x75\x88\xc5\xf7\x89\x5d\x9e\x71\x08"
	"\xf4\xc7\x5e\x86\x89\x05\x27\xa8\xc1\x9b\x64\x11\x5a\x15\x88\x20"
	"\x1b\xad\xfb\x6d\x22\x0f\x5b\x60\x51\x15\xde\x78\x64\x66\x5c\xce"
	"\x36\x91\x73\xab\xae\xf2\xc8\x98\x59\x50\x62\x6c\xc7\xd8\x51\x69"
	"\x83\x1b\x99\x5f\x56\xab\x66\xdc\x05\x50\xc5\x15\x07\xe8\x0f\x7d"
	"\x32\xe1\x71\xa8\x9e\x0d\x5d\xda\xbc\xfe\xe7\xfb\xe3\xe6\x27\x08"
	"\xac\xfd\xaf\xcd\xeb\xc3\xf7\xc7\x7f\x6d\x68\xfc\x3f\xf2\xdc\xf3"
	"\xb3\x81\xde\x3f\x1a\xe8\xec\x18\x08\x69\xad\x53\x11\x04\xe0\x81"
	"\x5c\x0a\x84\x61\x2a\xb5\x0e\xe6\x47\xee\x56\x27\x32\x32\x55\x54"
	"\xbf\x01\x20\xb9\x81\x48\x48\x38\xcb\xb0\x09\xe3\x0c\x82\x82\x7f"
	"\xa0\x0b\xbf\x3f\x8f\x63\x33\x1e\xe5\x6c\xa3\x92\xca\x5a\xf1\xe5"
	"\x7c\xb0\x59\x12\xba\xc6\xc1\xd5\x7f\x57\x98\x04\x11\x6f\x61\x91"
	"\xe7\x07\x2c\xe4\xb4\xe6\xa9\xab\xe0\x04\x96\xa3\x75\x56\xf1\x76"
	"\xac\x17\x37\x8a\x82\x41\x07\x6a\xaa\xda\x28\xc4\xbd\x48\x02\x95"
	"\xd3\xee\x18\xed\x35\x7f\x98\xe9\x72\x8d\x29\x2a\xba\x5d\x80\x27"
	"\x62\xbb\x00\x71\x98\x95\xfb\x73\xdf\xc9\x7f\xd4\xa2\xc6\x6b\x4a"
	"\x2b\xe4\xb9\x8c\xa2\xca\x32\x6e\x3a\xc4\x04\x3c\x32\x04\xbf\x07"
	"\xa1\xa4\x0e\xd4\x4e\x08\x0d\x37\x8f\x70\xfa\x3e\xd8\x00\x60\xb8"
	"\x59\x61\xb8\xb9\x0c\x31\xe4\xa7\x60\x0f\xf2\x53\x9b\x07\xbe\x54"
	"\x5c\x35\x3d\xdf\x95\x81\xfa\x01\xe1\x4d\x4e\x9c\x00\x07\xdc\xe9"
	"\xd5\x38\x1d\x82\xac\xef\xfc\xf4\x9c\x1d\x89\x12\xda\x05\x3b\x63"
	"\x6e\x9c\x13\x4f\xc0\x1c\x35\xf1\x84\x87\xa2\x6a\xf6\x6b\x0c\xbb"
	"\xf0\xf2\xcc\xe5\xfe\x58\xdd\x71\x6c\x75\xca\x5d\x25\xa5\x96\x8c"
	"\x86\x7d\xa6\x2d\xfa\xed\x75\xcc\x8f\x3c\x24\x06\x75\x56\x37\x98"
	"\xb2\x8f\x43\x1e\x1b\x00\x18\x7f\xb1\x4d\x41\x55\xf1\x99\x4a\x41"
	"\x30\xf1\x04\x8a\x1a\x5c\x14\x6a\x66\xbb\xbe\x4c\x64\x9a\xc7\xbe"
	"\xf3\xd1\x44\x57\x6e\x0e\xa8\x97\xa0\x6a\x0b\x5c\xe3\x64\xde\xa0"
	"\x1e\x73\x2d\x4a\x37\xf5\x54\xef\xc6\x73\x76\x08\x7d\x62\xfb\x78"
	"\x0c\xb2\x40\x9e\x5e\xaa\xc0\xd7\x2b\x10\xd5\x68\xd8\xf9\xbb\xfd"
	"\xf6\x66\x1b\x58\xcc\x49\xdb\xc0\x69\x53\x47\xfe\x08\xec\x17\x55"
	"\x68\x33\x29\xe4\x41\xa7\x0c\xd2\x09\x6a\xc7\x51\x9d\x68\x58\x40"
	"\x18\x88\xfb\xfc\x6a\x4f\xaf\xa5\xd8\xdc\xe1\x4c\x77\xf2\xa3\x48"
	"\x5d\x6f\xbb\xbb\xbe\x08\x31\x91\x35\x29\x1f\xd3\xfd\xcd\xd5\x3f"
	"\x01\xc1\x00\x6d\xb9\x79\x7f\x89\x73\x9c\xe3\xf7\xdb\x9b\x40\x77"
	"\xf0\x73\x88\xd6\xaa\xf2\x15\xf1\x5b\xe5\xd7\x17\xc8\xd5\x8c\xb5"
	"\x9b\xca\x65\x97\x53\x1e\xd8\x48\xe2\x80\x8e\x53\x8a\x58\x7f\x56"
	"\xe2\x38\x1b\x98\xde\x64\x15\x2c\x06\xdf\xd2\x25\x8d\xef\x68\x9d"
	"\xc7\xbe\xcb\xf2\x1c\xb9\xed\x54\xbe\x72\x81\x9b\xdb\x38\x57\x0e"
	"\x5c\x8d\x19\x26\x70\xa6\xd9\x4e\x37\x88\x32\x6b\x72\x60\x97\x18"
	"\xaa\x9a\xc4\x7e\x4a\x39\xb2\xeb\xa8\x57\xe3\xc1\xa1\x87\x1f\x98"
	"\xd2\x27\xb3\x28\xb1\xe0\xaf\x61\x74\x0c\xd6\x08\xfe\x73\xba\x28"
	"\x48\x25\x52\xdb\x0e\x24\x93\x9b\x94\x17\xa0\x7d\x9f\x38\x5c\x4e"
	"\x86\xaa\x74\xc7\xd0\x24\xb2\x9a\x60\x24\x78\xfb\x84\xf8\x98\x48"
	"\x2a\x3a\x3d\x25\x0d\x2c\x92\x68\xa9\x41\x04\x7f\x35\x0c\x8e\x1b"
	"\xc6\x4c\xd2\xfe\x82\xce\x38\x24\x19\x71\x1e\xfc\xcc\xb4\x13\xb3"
	"\x31\x12\xa6\xa4\x3e\x61\xd4\x29\x27\x70\x36\x8c\x95\x41\x4d\x3b"
	"\x5d\x08\x8c\x03\x1c\xb7\x8f\xe8\xbb\xf0\xb9\x66\x72\x8a\x30\x0e"
	"\x52\xc4\x75\x29\xf7\x7a\xcd\xe9\xef\x92\xcd\x03\x21\x19\x73\x08"
	"\x64\x59\x82\x3b\xd9\x14\xbe\x4c\xdd\xc8\xc7\x4e\x07\x23\xfb\x59"
	"\xe2\x6c\xc1\x18\x71\x01\x91\x9b\xe0\xa4\x15\x0e\x04\xb3\xbe\xff"
	"\x60\x8c\x6d\xb6\xfb\x9b\xcb\xcd\x4f\xc9\xd3\xf3\xe3\x59\xfe\xfb"
	"\xb3\xef\xca\x2e\xe1\x35\x03\x17\x7e\x7f\xd9\x03\x51\x1e\xaa\xc5"
	"\xbd\xff\xe5\xcc\xe0\x1a\x68\x06\x90\x74\x62\x18\xb8\xf1\xdc\xa2"
	"\xb2\x88\xfd\x36\x31\x75\x93\x6e\x79\x49\xdf\xb5\x24\xe3\x1f\x02"
	"\x0f\x2c\x11\x4f\x09\x1e\x78\xfd\xdc\x30\xe4\xba\x35\x27\x14\x7d"
	"\x4b\x77\xea\x30\x0a\xf8\xc2\x21\x1e\x99\x47\x04\x11\x40\x56\x84"
	"\x45\xf5\x93\x0d\x84\xa3\x6b\x89\xfb\x35\x83\x49\x11\xed\x1b\x10"
	"\x47\x13\x76\xe6\x37\x73\xb5\xb6\x99\x55\xea\x88\x27\xf5\x95\x6a"
	"\x79\x5c\xef\xbd\x11\x6c\x4e\xcc\x0e\x27\x58\x64\x8e\xbb\x91\x19"
	"\x1d\xcb\x79\x8f\xaf\xa7\x1a\xb8\xe8\xcf\x17\x9f\x9f\xec\xcb\xb6"
	"\xf8\xe9\xe5\xf5\xf9\xe9\xf7\x1f\xaf\x8f\x9f\x36\xe2\xef\xa7\xd7"
	"\x8f\x7f\x6d\xc8\x1c\xfb\xd2\x7c\xcf\x33\xce\x8a\x26\x05\x3f\x5f"
	"\xe7\x6d\xa9\x94\x3d\x71\x59\xf7\x7b\x5a\x5a\x1b\xcb\xa9\xac\x31"
	"\xc5\xa5\xb9\xaf\xd2\xd2\xeb\x38\x65\x94\x47\x62\x52\x35\xb6\x34"
	"\x1a\x92\xe0\x3a\xb4\x4e\x9c\xa5\xe3\x29\x40\x6e\x3b\xd6\xfc\x67"
	"\xcd\x76\xbf\xed\x56\x32\x65\x04\x2c\xd3\x8c\x5a\x03\x2f\x32\x4e"
	"\x4b\x0c\x1e\x6a\xce\xda\x30\xdb\x94\x4e\x28\xc3\x14\xd0\xe1\x62"
	"\xb7\x11\x6b\x9d\xc8\xc9\x07\xbb\x50\x29\xc4\xa6\x0f\xb1\x96\xd7"
	"\x12\x75\xf2\xe7\xf5\x76\xbb\x45\x5d\xac\x2a\x98\x42\x7b\xbf\x16"
	"\x29\xf3\xf6\xdd\x11\xf1\x69\x1e\x89\x83\x17\x3d\xa5\x2b\xcd\x92"
	"\xb2\xa5\x90\xba\x93\x77\x16\x91\x9a\xfa\xd3\xa1\xc7\xa5\x1d\xe8"
	"\xb5\xc9\x90\xc6\x36\xd9\x16\x25\x30\x94\x82\x7d\xa8\x0e\x5d\xf4"
	"\x63\xdb\x5a\xa9\x0f\x10\xec\x39\x36\x89\x99\x13\xd0\x4c\x4a\xa1"
	"\x28\x3c\x44\x1a\x50\xda\x5e\x4f\xd1\xe5\x25\xa2\x0b\xe6\x20\x09"
	"\x11\x83\x5f\xd1\xf9\xc7\x88\x62\x13\xb3\xe1\xc7\xb2\xd8\xa3\x85"
	"\x75\x98\x57\x7b\xc3\x72\x14\xd6\x4f\x66\x6c\x56\x3b\x4c\x35\x38"
	"\x95\x91\x89\x84\xf3\x50\x72\xe2\xad\x35\x44\x4d\xda\x16\xf0\x76"
	"\x00\xae\x8c\x90\xa7\xd7\x26\xcb\x69\x9d\x25\x3a\x76\xab\x3c\x35"
	"\xc2\x93\xf1\xbb\x96\x63\xef\x1a\x47\xa2\xd3\x08\x4f\x2f\x53\x96"
	"\x09\x5b\xc3\x1e\x92\xfa\x66\x8b\x98\x69\x07\xf2\x3e\x4c\xbe\x5c"
	"\x21\xaf\xb6\x4c\x1e\x16\x4b\x5b\x32\x61\xc1\x4e\x56\x45\x55\xcc"
	"\x16\x58\x16\x4d\x9b\xa1\xc1\xa3\xc6\x5c\x2e\x12\x79\x9c\xed\x10"
	"\xa3\xbd\xfc\x5c\x6e\xe0\xc5\x65\x79\x10\xe2\x9a\x59\xcf\x39\x23"
	"\xb6\x5b\x6d\x3b\xfb\x40\x53\x6e\xd9\x26\x74\x4a\x5f\x54\xe6\xe5"
	"\x5b\xcf\xd6\x4b\xea\xec\x3b\x34\xb1\x43\x66\xcf\xa9\x3b\xae\x74"
	"\x25\x95\xa7\x1f\xd8\xb4\xac\xad\x23\xe5\xdd\x55\x1a\xef\xfa\x23"
	"\x16\xbb\x02\x72\xc9\x23\x00\x4e\xae\x2e\x2e\xd1\xfd\x23\x2d\x04"
	"\x96\x0e\x10\x47\x09\x4a\x44\xa5\x97\x24\xee\x57\xba\x69\x8d\x7b"
	"\x5a\x39\x86\x14\x4f\x86\x96\x9c\x19\xf7\x6e\x31\x70\x50\xb1\xac"
	"\xec\x0c\x33\xcb\x00\x21\x40\x41\x1c\x47\x8f\x11\x96\x8e\x08\x22"
	"\xde\x61\x59\xd0\xad\x58\x51\xb0\xe2\x2e\xb1\x96\x49\x02\x92\x27"
	"\xc9\xb7\x17\xb7\xe1\x11\xe5\xd7\xbb\x2b\xfb\x0d\xf4\x6f\xf9\xca"
	"\xe4\xcc\x49\x7d\x62\x99\x35\xd6\xf9\x29\xc7\x44\xa5\xb8\x45\xde"
	"\xda\x88\xdb\xfb\xdd\x4a\x45\xb2\x16\x52\x94\x56\xeb\xf2\xac\x93"
	"\x73\x18\xb1\x3c\x03\x0d\x3d\xf0\x49\xea\x55\x90\x2a\xce\x41\x32"
	"\x0a\xbb\x33\xb6\x96\xd3\xda\x9e\x81\xb7\xe2\xfa\xfa\xd2\xbf\x81"
	"\x03\xe9\x6a\x1b\x20\xc9\x1a\x33\x84\xfc\x41\x96\xda\x21\x86\x67"
	"\xa7\x3d\xe5\x42\xb6\x15\x74\x77\xfd\x1b\xe2\x51\x24\x89\xdd\xee"
	"\x52\x52\x57\x56\x61\x7e\x5f\x5b\x77\xf9\xf0\x7b\x7b\x81\x7c\xe6"
	"\x84\x91\xac\x58\x51\xdb\x0b\x22\x35\xe9\xdc\x2a\x73\x48\xf2\x2b"
	"\x6f\xe2\x7a\x7f\xbd\x5b\x69\xa4\xfc\xb3\x2e\x8b\x32\x77\x02\x6b"
	"\xac\xec\x49\xd7\xfb\x9b\x0b\x7b\x2b\xdb\xfd\x3f\x63\x57\xd2\xdd"
	"\xb8\xad\xac\xff\x8a\xcf\x5b\xdd\xbb\x48\xc2\x41\x1c\xb4\x78\x0b"
	"\x88\xa4\x24\xc4\x9c\x4c\x40\x16\xe5\x0d\x8f\x63\x3b\x69\x9f\xdb"
	"\x6d\xf7\x71\x3b\xf7\x75\xfe\xfd\x43\x81\xa4\x44\x90\x28\x40\x8b"
	"\x1e\x84\xfa\x08\x82\x18\x0a\x05\xa0\xf0\xd5\xad\xbd\xaa\xcb\x7b"
	"\x61\x0c\x28\xe7\xd0\x32\xcc\x7d\x3a\xd3\xb5\xcb\x07\xab\x5b\xf5"
	"\x76\x33\xdf\x57\x98\xf9\x3d\x04\x0e\xcd\xca\x1d\x55\x83\x85\xec"
	"\xc5\x22\x43\x34\xb3\xb6\xa6\x4e\x19\xdc\xb4\xdc\x52\xcb\x62\xad"
	"\xdf\x60\x56\xc2\xbc\xe6\xc4\xc7\xce\xc1\xee\x72\xd4\xfc\xbc\xcb"
	"\x77\xe8\x02\xbc\xcd\xca\x0e\x7d\x0e\xe5\x3c\x1b\x4b\x78\x20\x39"
	"\xdc\xd7\x51\xca\x98\x90\x48\xe8\x6b\xd4\xb7\xf1\x4e\x3c\xd0\xa1"
	"\xb3\x61\x53\x58\x27\x74\xe0\x57\xe6\x99\x62\xa2\xc4\xae\xbf\x46"
	"\xce\x6d\x41\xc4\x2b\xbd\x12\x6c\x62\x37\x5c\xdb\x5e\x56\xc2\xc1"
	"\x9b\x76\x6e\x6b\x52\xa5\x71\x9a\xd0\x59\x59\x7a\x7f\x03\x2c\x3b"
	"\x8d\x36\xb3\xc1\xf3\x46\xb1\x54\xe4\xfa\xcf\xda\x5b\x59\x36\x8d"
	"\xba\x3d\x15\x50\xa1\xa7\xd5\xe3\x9d\xb5\xe7\xf8\xae\x25\x3b\xaa"
	"\x2c\x08\xc5\xcf\x35\x76\x90\x42\x99\xbb\xb6\x7c\x31\xab\x72\xd2"
	"\x6c\x73\xa2\x6e\x1a\x30\x64\xa3\x4b\xa4\xc3\xbd\xe4\xc4\xb6\x8d"
	"\xc1\x0a\xa6\x54\x3d\x2b\x92\xb5\xab\x1f\x16\x59\x4d\x13\xf4\x24"
	"\x48\x64\xb3\x76\x91\x07\xa5\x70\x65\xd3\x67\x8c\x4b\x85\xae\x14"
	"\x86\x17\xa2\x77\x5f\xd1\x6e\xea\xde\xd5\x9e\xd4\xf5\xa9\xc8\x10"
	"\xe7\x3d\xe8\x1b\xc8\xe5\xb9\x04\xe8\x85\x4a\x44\x27\xd3\x83\xb9"
	"\x10\x3c\xdb\x1f\xb8\xa2\xed\xfa\x14\xcb\x53\xea\x13\xb4\x4b\x6a"
	"\x31\x4d\x13\x2c\x78\x65\x4e\x2c\xed\x79\xaf\xaa\x69\xf1\xb3\x6b"
	"\xf6\x42\xa1\xea\xed\x74\x21\x05\xce\x94\x44\xbf\x6d\x3d\xc9\xf6"
	"\x48\x1f\x4a\x35\xf8\x5f\x9f\xd2\x1d\x51\xb7\xda\x33\xc0\xb7\x4d"
	"\xb7\xec\x54\x56\x35\x3b\xa9\x2c\x01\xc7\xa4\x6b\x73\x74\x25\xb0"
	"\x4d\x53\x8a\xad\x01\x6a\xaa\x3d\xbf\x02\x0f\x5c\xb9\x27\x3d\xd9"
	"\x92\x86\xc4\xfe\x86\xf9\x65\xae\x97\x69\x49\x01\x77\x68\xb1\xb7"
	"\xf7\x18\xca\x37\x04\x39\xbe\x19\x33\xee\x8a\x43\x8b\x93\x97\x28"
	"\x28\xb8\x9c\xde\x64\x86\xec\x2c\x8b\x1f\x89\xa9\x12\xd8\xe3\xc3"
	"\xe5\xc3\xbe\x80\xa6\x7e\xea\xfd\x29\xa7\x53\xdf\xb3\xa3\x48\x51"
	"\xbc\xbf\xb3\x14\x42\x41\x03\xd9\x06\x80\x17\x7b\xb9\x05\xa5\x37"
	"\x90\x8e\x93\x2d\xc1\x3e\xdc\xec\xc9\x8b\x6c\xd8\x74\xc3\x01\x3c"
	"\x76\xfc\x16\x15\x8b\x06\x03\xb7\x16\x93\x3c\x8e\x4c\xf2\x61\x47"
	"\x0b\x05\x24\x34\x21\x29\x5e\x3c\x61\x57\x73\x5a\xe2\xf2\x94\x88"
	"\x9e\x67\xc8\x3e\xad\x85\xc5\xb7\x8a\xcd\xf2\x30\x9a\xcb\xcf\xc7"
	"\x31\x6d\x26\xeb\x56\x71\xc2\x4a\xea\x5c\xf4\x2d\x2c\x47\xb9\x9c"
	"\xec\xda\x23\x39\xa1\x90\x1c\x7c\x65\xb8\xeb\xb8\x6e\x82\x63\x5a"
	"\x8e\xca\x86\x75\x94\x55\x2e\x4c\x6b\x1c\x23\x17\x1d\x46\xb1\x5c"
	"\x03\x98\x11\x60\x69\xa3\x88\x52\x12\x40\x11\xfc\x25\x77\xc6\xc7"
	"\x07\x23\x0a\x97\x0b\x4b\xc5\x58\x42\x98\x1e\x71\x21\x17\x6b\xf6"
	"\x16\x89\x0e\x9c\x35\x44\xa8\x51\x9a\xe0\xad\x7c\x0f\x47\x9f\x40"
	"\x34\x84\xc8\x5b\x9a\xd3\x52\xa8\x28\x31\x7a\xbd\x06\xfe\x36\x35"
	"\x82\x58\xb8\xad\xd7\x81\xd6\xf3\xbe\xae\x27\x17\xc9\xc5\x8f\x6e"
	"\xc3\x52\x35\xe0\x2d\x24\xa6\x19\xf0\x0b\x64\x6a\xe2\x9c\x24\x1c"
	"\xd2\x8a\xba\x9e\xa1\xe4\xf9\xb3\xea\x19\x24\x92\x2b\x05\xc5\xd5"
	"\xd7\x55\x03\x33\xf6\x34\x65\x1a\x21\x06\x12\xea\x92\xa9\xef\x91"
	"\x4e\x48\x6a\x92\x74\x4b\xe2\xfc\x34\x3b\x71\xd1\x2d\xb4\x58\xbe"
	"\x9f\x3c\x0c\xd7\x41\x7b\x4a\x3f\xb8\xc6\xa5\x5e\xc2\x14\xa2\x84"
	"\xf0\x04\xbd\x46\x7a\x4b\x8e\xd8\x46\x16\x88\x6b\x88\x92\xad\x25"
	"\x2c\x03\x69\xc3\xf3\xd8\x0d\x1c\xb5\x24\x7d\xa2\x37\x2f\x85\xb0"
	"\x28\xa2\x58\xcb\x60\x00\x52\xf1\x47\x39\x50\x1b\x3f\x89\xb4\x71"
	"\xec\x46\x2d\x26\x58\x77\x6e\x14\x93\xa5\x34\x49\x13\x79\x36\xa4"
	"\x95\x74\x59\x56\xe8\x05\x3d\xc1\xa4\x52\x6c\x10\xf5\x9b\x65\x23"
	"\x02\xad\xab\x31\x97\x62\x43\xcd\xa0\xb4\x58\x87\x88\x73\xce\x08"
	"\x61\xcd\x3a\x42\xec\x9d\x09\x24\xd6\x5a\x3c\x67\x80\x18\xef\x51"
	"\xbf\x27\xa5\x91\xac\x67\xbb\x55\xa3\x6c\x97\x87\x9e\x43\x0c\xd9"
	"\x96\xa0\xaa\x63\x47\xf7\x2c\x4c\x04\x1b\x63\xa1\x8b\x84\x45\xb1"
	"\x6f\xfe\xb0\x06\x22\x2e\x77\xfb\x4a\x7f\xdd\x78\x52\xd1\xec\xb0"
	"\x61\x19\x5f\x10\x0c\x2c\x21\xf3\xb2\x92\x9c\x76\x45\x10\xfa\xf8"
	"\xed\x6a\x52\x7a\x91\x87\x55\xee\x26\xcb\x6f\xa7\x1e\x45\xf2\x81"
	"\xa6\x10\x5a\xe3\xb0\xa8\xd2\xac\x66\x55\xe9\xc5\x71\x8c\x8f\xc0"
	"\xc4\xd3\xaf\xc9\xc6\xef\x78\x20\x87\xe6\xc0\x74\xf5\x9d\xb4\xb1"
	"\xe7\xbb\x4e\x67\x1a\xc1\x80\xbb\x25\x79\x81\x38\x79\x8d\x90\x3b"
	"\x31\xf3\x1c\x8f\x88\x8b\x01\x80\xf6\xac\x32\x66\x20\xe6\xf9\xc0"
	"\x6d\xf1\x5e\x4d\xeb\xbd\xa9\x98\x8c\x66\x4d\x43\x3a\x6c\x0b\x1c"
	"\x20\xf7\x79\x68\x19\x12\xc9\x5e\xac\x96\x75\x55\x79\x9c\x2d\xab"
	"\x47\xce\xc8\xee\x98\x32\x04\x7e\x39\x7f\x2f\xfa\xad\x0b\x9d\x4c"
	"\xf5\x4b\x10\x3f\x0d\x8e\x7b\x42\x1a\x2c\xb6\xc0\xa6\xd2\xf0\x36"
	"\x47\x16\x38\x62\x48\xba\x8e\xad\x9c\xbc\x50\x37\x4d\x65\x82\xce"
	"\x37\x4e\xac\x39\xd2\x7d\xba\xa8\x13\x60\x28\xda\xce\xac\xfe\xb9"
	"\xd5\x7a\xa4\x5b\x65\x1d\x29\x99\x3f\x91\xe1\x2c\x65\x2b\x1f\x97"
	"\xf9\x2b\x83\x2c\x30\xc8\xd6\xb8\x2c\x30\xe4\xe9\x20\x6c\x0a\xfd"
	"\x83\xb1\x41\x66\x78\xa1\x96\xff\x50\x4a\xa2\x60\x51\x53\xde\xca"
	"\x35\x54\x55\x60\xfa\xe6\xd5\xd1\xf4\xe4\x4a\x5f\x08\x68\xe6\xed"
	"\x71\x64\xce\x7b\xf9\x7c\xfa\xed\xff\x5e\xff\x7c\xfd\xed\x8f\xa7"
	"\x6f\xcf\x5f\x9e\xbb\x1f\x9f\x8f\xbf\xfe\xf1\xfa\xf6\x3f\xb3\x07"
	"\xca\xfb\x46\x32\xb0\xaa\xcf\xbc\xfd\xf7\xe3\xf1\x5b\xf7\xf6\xf2"
	"\xf9\xeb\xe7\xcf\x4b\x34\x76\xa5\x63\xcc\xe9\x93\xa6\x9d\x54\xac"
	"\x38\xe1\xfa\x60\x22\x89\x1d\x2f\xb7\x25\x85\x8c\x6e\xa6\x8c\x4f"
	"\x47\x20\x36\xcd\x8b\x21\x88\xf4\x65\x08\xe4\xc2\x7a\x2e\xf1\x8f"
	"\x84\x1b\xc0\xb3\xda\x96\xc9\x60\x33\xe7\x55\x02\x97\x6e\x69\x5a"
	"\x68\x2f\xf6\xce\xa1\xa2\xec\x03\x8f\x9e\x0a\xa8\xaa\x8d\x9c\x93"
	"\xba\x23\xb9\x55\x77\xc6\x20\xa0\xb2\xd0\xff\xbb\x8a\xa1\xf1\xcd"
	"\xe4\x98\x93\x37\x6b\xe5\xc5\xa0\x2c\x39\x70\x61\xaa\x75\x7b\x6c"
	"\x5d\x2f\xeb\x8c\xb3\xbb\xc1\x1d\x32\xd7\xdf\x18\x9c\x0e\x7f\x28"
	"\xf3\x62\x26\x1c\x8a\x0e\xee\x7b\x50\xfc\x31\x92\x9c\xfa\x9a\xa1"
	"\xb3\x8a\x87\xf7\x32\xa2\x3d\x1c\x34\x80\xbb\x37\x33\x8d\xea\xd0"
	"\xd4\x1b\x43\xd3\x18\x34\x28\x84\x78\x8d\x57\xc6\x58\x4a\x79\x2b"
	"\x03\x2b\xe5\xf4\x01\x56\x6d\x39\xa9\xbb\x7d\x76\xa9\x15\x35\x47"
	"\x52\xde\xd5\x5d\x03\xfb\x7e\x40\x94\x05\x4e\x1b\xda\xbd\xf3\x69"
	"\x25\x8f\x47\xfd\x1a\xd1\xe2\xd4\x94\xd6\x47\x0f\xdb\xb2\x02\x19"
	"\x3e\x51\x4d\xb3\x6c\x18\x55\x72\x85\x1e\x48\x10\x1a\xee\xac\x29"
	"\x90\x46\xab\x1b\xca\x0a\xad\x92\x98\xbe\x4f\x73\x1c\x99\xd3\x4d"
	"\xd6\x70\xe4\x62\x48\x01\x83\x3e\x6b\x6d\xb9\x66\x29\x25\xe8\x0c"
	"\xda\x10\x75\xad\xa5\xc8\xce\xa7\x06\x3a\xe1\xf4\x4e\xe3\x54\x30"
	"\xbd\x3c\x3c\x4d\xe7\x08\xfe\xe1\x94\x92\x85\x71\xf5\x90\xba\x9e"
	"\xe3\x5a\xbe\x4c\x6e\x25\x65\x65\xa9\x6c\x84\xde\xf1\x12\x26\x51"
	"\xb1\x70\x22\x4d\x8e\x33\x13\xa8\xb6\xee\x11\xf5\xfa\xa4\x0d\x97"
	"\xba\x75\xc9\x81\xf3\x06\x61\x86\x6f\x8e\xaf\xc0\x9b\xf8\xaf\x81"
	"\x2b\xfe\xf5\xed\xaf\x9b\xf7\x9e\x5c\xf5\xdf\x37\x9f\xef\x02\xfd"
	"\x72\xf3\xf9\x65\x44\x69\xb6\xca\x30\x83\xef\xbe\x68\xc1\x09\x0e"
	"\xb9\x56\x97\x6a\xbc\x7d\xdf\xbe\xff\xfd\x89\x5e\x59\x95\xbc\xcb"
	"\x93\x8b\xe4\xf0\x73\xe4\x68\x56\xd2\xb6\x5b\xd0\xbf\xf9\x2c\xaa"
	"\x4c\x2f\x03\xd7\x52\x2c\x72\x40\x8f\x60\x92\x36\xfc\x56\xaf\xe7"
	"\x7b\x48\x41\x78\x43\xdb\xdb\x9e\xdd\x53\x96\xfc\xf0\xe3\xe5\xe3"
	"\xeb\xe3\xdb\xf3\xcd\xeb\xdb\xe7\xcb\xc7\x9f\x8f\x33\x8a\xae\xe1"
	"\xb1\xea\xc0\x32\xf3\xcb\x7f\xaf\x4e\x33\x80\x22\xce\xee\x67\x8c"
	"\x05\x63\xb2\xfe\x46\x41\x2f\xbd\xcd\x4e\x30\xa7\x2e\xaa\x8e\x57"
	"\x87\x64\xcf\x92\x26\xcb\xc4\x2c\x91\xe4\xc5\x94\x9a\xec\xfc\xa4"
	"\x98\x96\x37\xd5\x94\xda\x77\x4a\x9d\x0d\xbf\x7a\xf2\x02\x60\x7d"
	"\x10\x6a\x66\x32\x6b\xf4\x7c\xe5\x27\xdd\x13\x65\x76\xec\xca\x6a"
	"\x1a\x3d\x71\x5a\x14\x39\x07\x15\xbd\x78\xd2\x2b\x30\x96\xe0\x73"
	"\x49\x37\x15\x69\x14\x17\xcd\x31\x4d\x68\x7b\xfd\xce\xc5\x04\x50"
	"\x07\x01\xb2\xb8\x9a\x81\x74\xc7\x86\x17\x08\xbf\xdd\xe8\x8b\x70"
	"\x27\x56\xbb\x08\x03\xd8\x04\xe3\xb9\xa1\x05\x93\x0e\x01\x39\x9a"
	"\x30\x0e\xcc\xc8\xfc\xf6\x76\x93\x9a\x0a\x2b\x49\xb0\x75\x65\x95"
	"\xf4\x1f\x30\x4e\x90\xd8\x5c\x67\x20\x4f\x48\xb8\x72\x43\x2b\x28"
	"\x5e\xb9\x96\xba\xed\x07\x94\xe5\x83\x8a\xd8\xf7\x7c\x3b\xc6\xf7"
	"\x6d\xef\x6a\x23\xcc\x18\xbf\x80\x12\x66\x01\xd4\x8d\xeb\xb9\x66"
	"\x8c\xe8\xe7\x1c\x39\xdf\x38\x63\x20\x40\x0b\xb8\xb9\x30\x53\x53"
	"\x69\xce\x88\x2f\x32\x5e\x1d\xc9\x11\xe1\x14\xbd\xa0\x0e\xe5\xed"
	"\xc6\xd2\x9c\x95\xd0\x67\x2b\x4b\x63\x16\x5e\x3f\x56\xb1\xe8\x37"
	"\x67\x64\xcb\xad\xef\x4b\x48\xed\xba\xad\xa5\xd5\x37\xc8\x56\xd9"
	"\xe4\xfb\x8b\x6e\x8b\xdc\x9f\x9d\xa8\x5d\x54\x3b\x0a\x8d\x0b\x41"
	"\x8f\x15\xb7\x82\x31\x4d\x58\x77\x04\xa3\xd9\xb9\x60\xfc\xd4\x02"
	"\x40\x0e\xff\xce\x80\xa4\xda\x20\x17\xa4\xce\x90\xdd\x16\xf1\xc5"
	"\xbc\x20\xb0\xd0\xb0\x0a\xa2\x2b\x6c\xa0\x03\x15\x03\xbf\x40\x48"
	"\x22\xcf\x30\x69\x55\x92\xc4\x82\x62\x34\xcd\x8e\xb4\xc4\x22\x80"
	"\x9e\x71\xbc\x40\x34\xf4\xe5\x7d\xd2\x83\xc7\x8c\x39\x92\xa6\xa1"
	"\x95\xe5\x55\x05\xd9\x49\x37\x36\x4b\xc1\x6b\x92\x64\x15\xc2\xaf"
	"\xac\xa2\x36\x04\xf1\x0c\xbb\xc0\x38\x2d\x77\xd6\x2a\x38\xd2\x54"
	"\xfc\x30\x83\x1e\xf6\x62\x79\x75\xb0\x74\x15\xc2\x02\xc7\x75\xcd"
	"\x18\x30\x33\x66\x81\x78\xe6\x90\xb6\x26\x13\xc6\x7a\x25\x59\x18"
	"\x58\x98\x64\x1e\x32\xe3\x2c\xad\x99\x94\x33\xed\x71\xf7\x60\x8f"
	"\xc0\x02\x6b\x4a\xda\x23\x7f\xf7\xfb\xa2\x49\x96\x4c\x8b\x33\x15"
	"\xd1\x5a\x31\xef\x27\xa2\x1d\x9f\xae\xb3\x26\x02\xb1\x44\x15\x36"
	"\xeb\x4e\x2b\xbb\xdd\x88\x1f\x8a\x97\xc3\x45\xa6\x39\xc7\x98\xc3"
	"\x58\xd6\x50\x92\x8b\xbe\x28\x0c\xa7\x15\xfe\xa9\x17\x7b\x47\x6f"
	"\x04\xd5\x0d\x84\x86\x19\x08\xe6\x2f\xef\x98\x20\x48\xca\xa2\x18"
	"\x21\x7e\x54\x71\x51\x1c\x45\xd7\xc1\xd6\x76\x58\xe3\x3a\x9e\x3b"
	"\x67\x63\xd4\x43\x61\xe7\xb0\x2b\x90\xe8\x30\x0a\xf2\x20\xec\x0d"
	"\xda\x26\xb4\xb1\x42\x37\x07\xb1\x1c\x46\x56\xff\x53\x1c\x1c\x61"
	"\x56\x65\xd6\xd1\xa4\x8c\x7d\xc4\xfa\x50\xf0\xa7\x38\xe1\xc5\xce"
	"\x75\x9d\x2b\xa0\x9c\xb3\x1a\xf7\x4d\x5d\x62\x57\xd7\x81\xd3\x53"
	"\x49\x6a\xe4\x4e\xeb\x14\xb7\x27\x45\xcd\xf6\xf4\x8a\x1c\xb3\x8c"
	"\x53\x3b\x68\x47\x72\xd2\x5e\x09\x1b\xfa\xb7\x15\xbd\x3d\xfc\x4e"
	"\x39\x3b\x58\x71\xbb\xaa\x4a\xa9\xfd\xe5\x34\xa7\xa2\xdd\xed\xb8"
	"\xdd\xa1\x7c\xb8\xa2\x5a\x6e\xf9\xd6\x73\x3d\xfb\xa0\xc8\xb0\x89"
	"\x42\x05\xd9\x9b\x4c\xaa\x83\xee\x88\xde\xa6\x5f\x62\xaf\x19\x61"
	"\xc2\x92\x75\xdd\xf8\x8a\x2c\x85\x35\x1b\x60\x4e\xf6\x0a\xae\x60"
	"\xae\xbb\xb2\xc3\xb2\x7c\x4b\x58\x57\xd0\xfa\x0a\xac\xfc\x61\x6f"
	"\xe0\xa2\x0d\x0f\x79\xc7\x99\xfd\xab\x69\x99\xb5\xd4\x5e\xe5\xc5"
	"\x6d\x84\xec\xd4\x2b\x7a\x36\x2b\x17\x81\x5d\xf4\xad\x9c\xf2\x6e"
	"\xcb\x83\xd6\xb1\x6b\x5c\xf9\xff\x86\xee\xf6\xfc\x3a\xe8\x91\xda"
	"\x3b\xd9\x95\xea\xf1\x98\x72\xe9\x38\x74\x4d\xef\x91\x87\xfa\x55"
	"\x51\x57\x8c\xf2\xec\xba\x92\x52\xb1\x42\xb5\xeb\x5e\xd1\x88\x52"
	"\x4d\x54\xd7\x20\x3d\xc7\x59\x5d\x89\x0b\xae\xc4\xd9\xc7\x75\x53"
	"\x74\x08\x97\xcc\x14\xc5\x68\x3e\xa3\x55\x43\x60\xec\xaa\xfa\x66"
	"\xdc\xf5\x7c\xef\x0a\x58\xb1\xbd\xa6\x70\x87\x66\x2b\xac\x22\x9c"
	"\x3d\x59\x01\xb7\x71\x18\x5c\x51\xcd\x35\x0b\x03\x27\xb2\xab\xd9"
	"\x87\x8c\x87\x9e\x67\xef\x09\x0f\xb8\xd5\xae\x34\x47\xb5\x2f\xfa"
	"\x99\xdd\xd3\xdd\x50\x52\xbe\x24\x4b\x44\xd3\x75\xa7\x28\x72\x31"
	"\xc3\x68\x80\xec\xf2\xea\x3e\x43\x09\x76\x90\x3c\xbb\x14\xdf\xf3"
	"\xa3\xaa\xeb\x71\x9f\x2a\xcc\x26\x77\xd5\x1a\x16\x9f\xbd\x15\x24"
	"\x96\xba\xb8\x1e\xec\x81\x9b\x82\xb8\x08\x8d\xfc\xb0\xc9\xe7\xb7"
	"\x8e\xa8\x25\x8e\x6d\x29\x0c\xc5\x2c\x48\xbc\x32\xe6\xb3\xab\x3d"
	"\x62\x14\x83\x9b\x67\x96\xd5\x59\x63\x43\x71\x9a\x73\xd3\x46\xd1"
	"\x04\x9a\x66\x70\x68\xd7\x18\x2b\x8a\xca\xb0\x50\x3c\xf3\x0c\x28"
	"\xb1\xec\x17\xab\xae\x72\x40\x9a\x80\x2d\xff\x7d\x6d\x90\x4b\xf6"
	"\xe4\x82\x18\xf3\x38\x65\x04\x25\x2e\xec\x11\x49\xe1\x3a\xa6\xb7"
	"\x34\xd9\xee\x90\x03\xaf\x0d\x78\x79\x73\x9a\xa0\xbd\xeb\xa0\xdd"
	"\xdc\x9e\x6f\xd1\x0d\x45\x4f\xb6\x71\x80\xd0\x02\x0d\x88\x63\x61"
	"\x6f\x42\x00\xdd\x53\x6c\xe7\x61\xd2\x76\x4d\xc5\x49\x73\x82\xeb"
	"\x48\xb6\x26\x4c\xdb\xdc\x37\x8e\x06\x5a\x40\x0c\x9e\x83\xb1\x46"
	"\x89\x8f\x99\x2a\xc3\xfe\xbc\x8c\xb3\x05\xc3\x40\xac\x46\x1a\x72"
	"\x32\x40\xd3\xe6\xde\x0b\x9d\x76\xa8\x7c\x66\x43\x86\xc1\xd5\xc8"
	"\xc8\x88\x6c\x0a\x6a\xb0\xf9\xfb\x7c\xa4\x99\x87\xdc\x5c\xb8\x58"
	"\x8c\xf3\xf0\x13\x72\x43\x7c\xff\xf8\xf1\x2c\xb9\xee\xe9\x6f\xd5"
	"\xcd\xc8\xdc\x78\x26\x3f\x6e\xd4\x3e\x23\x13\xe0\x6f\xf4\x42\x79"
	"\x8f\x80\x48\x7b\xb7\x18\xd5\x9d\x44\xd4\x09\xad\x99\xa7\x0d\x6e"
	"\x08\xe2\x9c\x6e\x84\x78\xf9\xea\x86\x1c\x4d\xaf\xed\xa9\x1b\x66"
	"\x19\xcf\xdf\xcc\xbc\x02\x23\x54\x1a\xb2\x69\x12\x4b\x1e\xa4\xde"
	"\x98\x01\xfd\xb6\x37\xc3\xbc\xb9\x50\x83\x66\x47\x8a\x4c\x1b\x60"
	"\x22\xf9\xf2\xf8\xf1\xf8\xf4\xf9\xf2\xb1\x0c\xaf\x39\xf3\xcf\xbc"
	"\xd7\xfa\xa8\x95\xb4\x5d\xc7\x5d\xcd\xd5\xab\x06\x3d\x8d\x9f\x4c"
	"\x46\x3f\x86\xe4\x5d\xd9\x33\x87\xa6\x18\xff\x62\x59\x3d\x54\xd8"
	"\x7d\xbe\x6e\xc7\xf4\x3d\x53\x86\xc8\x11\x06\x8f\x36\x1c\x64\x9e"
	"\x8a\x19\x52\x46\xcf\x83\xa0\x83\xb3\x18\x8a\xb3\x00\x50\x3d\xfb"
	"\xe8\xcb\xc7\xeb\xe3\xd7\x25\x31\xca\xf0\x05\x32\xc4\xd7\xec\xce"
	"\xf5\x20\x8a\xbd\x60\x39\x2a\xca\xf7\xb7\x5f\xa4\xe0\x47\x9f\xaf"
	"\x24\x69\xd1\x50\x05\x0d\x79\x40\x7f\xef\xea\xdc\x71\x1d\x53\x35"
	"\x9e\x51\xae\x09\x35\x16\x55\x12\x82\x83\xfb\x35\xe2\x76\x38\xc0"
	"\x75\x57\xbe\x14\x89\xe4\x11\x66\xdd\xca\x9a\x45\x0f\xfc\x5f\x6f"
	"\x85\x88\x07\x12\x9e\xc9\x45\x09\x3f\xb9\xb0\xb6\x49\xb6\x62\x19"
	"\x42\xd5\x41\x9e\xdf\x0b\x35\xa4\x2b\xa7\x58\x79\xfa\x78\xb8\x84"
	"\x09\xa4\x35\x41\xe0\xfd\xf9\x6c\xf1\xa1\x22\x54\xea\xf0\x49\xe2"
	"\xe4\xcb\xe6\xb9\xfe\x8e\x74\xde\xf1\xd3\x92\xa4\x44\x3c\xd4\xcf"
	"\x08\x37\xa4\x2c\x6a\x8d\x65\x1f\xf4\xd6\xef\x9c\xec\xd0\x78\xda"
	"\x2a\xd4\x06\xa3\xdb\x36\x6c\x43\x63\x9d\x0e\xfe\xef\x35\xb3\x66"
	"\x26\xf4\xa1\x49\xdc\xd4\x9e\x49\xbc\x65\x79\x97\xd7\xb6\x77\x88"
	"\x5f\x59\x4b\x4a\x31\x25\xd2\x1d\x4d\xc4\xa8\x6f\x4c\x68\xc9\xca"
	"\x8e\xed\x9d\xf2\x93\x29\x4e\xd7\xfe\x3e\xe9\xd2\x04\xa1\xc8\xaa"
	"\x0b\x0a\xfb\xb9\xa9\x9e\x27\x0a\xe2\x11\x08\xa1\x4a\xfe\x72\x4e"
	"\x94\xa1\x82\x84\x5e\x9f\x69\xa7\x05\xec\x4c\x8e\xb2\x90\x0c\x74"
	"\x9a\xec\xa8\x28\x3c\x91\xda\x94\x70\xd1\x05\xa2\x84\x89\x25\x76"
	"\x4e\x11\xba\x8c\x01\x08\xfc\xe3\x3d\x95\xe7\x40\xf0\xa7\x78\x60"
	"\xd6\x35\x70\x4f\x2c\xf5\xe7\x40\xba\xf8\xa4\x99\x66\x26\x94\xde"
	"\x47\x53\xe8\x56\x9e\x88\x3f\x75\x81\x5d\xb6\xc8\x4f\x1b\xad\xd7"
	"\xfe\x58\x7b\xcd\x81\x71\x49\x8d\x7c\x8e\x66\xdb\x1f\xd8\x8b\xd5"
	"\xf0\xd2\x7b\x63\x1a\xf6\x54\xfc\xe8\xe4\xf1\x1d\x2d\xb7\x95\x9a"
	"\x0c\xf5\x45\xf8\x2c\x6d\x2f\xa0\xd2\xf1\x61\x92\x58\x48\x37\xe9"
	"\xfe\x36\xd7\xdf\x5f\x3f\x5f\xbf\x7f\x7d\xf9\x29\x2a\x01\x5e\x9e"
	"\x7c\x79\xfd\xae\x53\xfd\xf0\x18\x69\x36\xfd\x54\x9f\x80\x2f\x42"
	"\x56\x22\x37\xa4\x87\x37\xe0\xd7\xe1\x2e\x00\xf1\xb7\x11\x91\xf3"
	"\x64\xe5\x23\xfb\x46\x23\xa6\x4e\xc8\x3a\x40\xfc\x3a\x55\xcc\x4f"
	"\x33\x86\x96\x09\x6f\x72\x23\x06\xbb\xb7\x07\xf2\x34\xbb\x36\x97"
	"\x22\x6f\x93\x3a\xd7\xae\x97\x05\x62\x88\x35\x0c\xd6\xc0\xb4\x57"
	"\x9c\x2d\x57\x08\x9b\x74\x69\xa0\xa1\x3b\xdf\xb0\x02\xd2\xbf\x40"
	"\xd8\x24\x88\x42\xfb\xf1\xfe\xf5\x2b\x74\xeb\xa5\xc7\x91\x6c\xc8"
	"\x9c\xba\x01\xe2\xe1\x7b\x96\x87\xbe\x59\xde\x1a\xe4\x45\x1a\x05"
	"\xa1\x49\x0c\x04\x60\xa8\x9c\x62\x1b\xb3\x52\x88\xb1\xbe\x83\xb0"
	"\xa6\xb4\x5d\xa1\xd2\x52\xee\xa9\x78\xa8\x9c\x51\x16\x04\xeb\xc0"
	"\x24\x0f\x11\x5f\xeb\x41\xbc\x0e\xf1\xfe\x7c\x8f\x5c\x00\x18\x64"
	"\xb3\xe3\x8b\x8b\x36\xf8\xe7\xc7\xe7\xcb\xb7\x9b\x3f\x20\x6e\x6e"
	"\xdf\x9a\x37\xff\xfa\x26\x9a\xf9\xeb\x3f\x37\x2f\xdf\xfe\x78\x79"
	"\x7e\x7e\x79\xbe\xf9\x6d\x40\xfd\x22\xec\xb8\x27\x31\x80\xff\x3d"
	"\x6f\xf0\x81\xfc\x0b\x7d\x7f\x02\x97\x53\x8d\xe3\x35\xcd\x18\xdd"
	"\x95\x32\xcc\xb6\x8e\xe2\x19\xc5\x22\xde\xf6\x00\xcb\x8a\xec\xde"
	"\x43\x06\x41\x3f\x39\x04\xaa\xda\x42\x4d\x2b\x10\x1a\x4b\x5f\x8a"
	"\xd9\x21\xa5\xb7\xa8\xbc\x5a\xf8\x91\xa8\xdd\x2a\x21\xf6\xaf\xae"
	"\x5b\x62\xfc\xdc\xe6\xd6\x6f\x31\x8e\x5e\x61\x5b\x7a\x2b\xd7\x19"
	"\x34\xbd\xda\xab\x7a\x91\xa1\xd7\x15\x1c\xa1\x92\x04\xf1\x70\x11"
	"\x18\xef\x96\xbd\x61\xb4\x74\x6f\xfc\x29\xa6\xc5\x37\xb1\x16\x10"
	"\x98\xdf\x7a\xe5\xf2\xf8\xfc\xf8\xfd\x13\x57\x2a\x29\xad\xc0\x37"
	"\xf3\xe0\xe1\x85\x19\xe2\xf4\x8a\xf5\x2e\xb6\xc3\x2f\x2b\xaa\xda"
	"\x54\x7c\x7b\x78\x78\xe8\x2a\x46\xb7\xf8\x97\x11\x61\x3d\x88\xe5"
	"\x11\x0e\xa0\xe5\xa9\x9b\xdd\x87\x92\x85\xae\x3e\xbf\xf4\xb3\xdd"
	"\xf0\x61\x93\xb1\x35\xe1\x98\x1c\xcc\x93\x3a\xcb\xd2\xd3\xa2\x51"
	"\xf8\x61\x83\xb7\x48\x4e\xee\x33\xc3\xe0\x00\x4e\x62\x7c\x87\xe3"
	"\x0c\x21\xf9\xae\xb2\x40\xf4\x26\x46\x1f\x11\x7d\xe2\x1e\x4f\x51"
	"\xde\x64\x90\x15\x84\xf1\x8b\x01\x02\x7b\xe2\xc5\xe3\x0f\x68\xe7"
	"\xe4\x32\x8f\xa4\xcb\x26\x97\x01\x2e\xa4\x79\xae\x37\x5d\x41\xdc"
	"\xf6\x71\x30\x7a\xa6\x17\x14\x66\xba\x5f\x0f\x72\x93\xf2\xea\x3f"
	"\x6e\x54\x37\x28\x04\x55\x0e\x20\x04\x93\x5d\xef\x5c\x31\x86\x51"
	"\xdc\xca\x30\xf3\x5d\x79\x28\x36\xa2\xa6\x5c\xf5\xf1\xaa\xef\x69"
	"\x68\xf6\x62\x09\xec\x79\xb8\xb4\x25\x1e\xb6\x5c\x3a\x8b\x51\xbd"
	"\x02\x90\xf1\xda\x31\xd2\xbc\x42\x7f\x84\x2b\xf5\xa6\xa1\x4c\x4e"
	"\xdc\x58\x4c\x67\x0e\x5e\x32\xa3\xe6\x00\x40\x0b\x34\x36\xb8\x74"
	"\xa1\x57\x14\xf1\xc3\xa9\xbc\x2b\xea\x6e\x77\x37\xab\xf9\x73\x27"
	"\xac\x3f\xde\x3f\xdf\x9f\xde\xbf\x0e\xbd\x71\xba\xc9\x51\xcb\x6e"
	"\x35\x73\xe7\x85\x54\x88\x53\x0d\x77\x09\x16\x71\x98\xd4\x0f\xcb"
	"\xb3\xd0\x6b\x1d\x54\x8e\x8f\x5f\xd9\xdb\x4e\x25\x29\x30\x36\xff"
	"\x1a\xd9\x17\xda\x23\x64\xf6\xb5\x4a\xd8\xdf\x1b\x73\xbc\xbe\x79"
	"\xfa\xfa\xfe\xf4\x1f\x9d\x19\x2e\x84\x9d\x1b\xc4\x71\x1f\x53\x0b"
	"\x73\x4a\xef\x39\x1e\x6e\xc0\xa9\xba\xcc\xf8\xb1\x6a\xe4\xa5\x75"
	"\xb9\x64\x63\x9c\x14\x35\x90\x2f\x4f\xbc\xd3\x1f\x9f\x9f\x5f\xc1"
	"\x67\x5d\x68\x7b\xf9\xe2\x1f\xbf\x5e\x2a\x7b\xb0\x67\x47\xf5\x50"
	"\xbf\xbe\x4d\xec\xcb\x1f\x0a\xae\x5f\x55\x4c\x9e\x13\xff\xbb\x24"
	"\x00\x37\x68\x03\x7c\x98\x67\xc1\x3c\x2e\x9f\xc1\x72\x1e\x64\x60"
	"\x39\x1a\xe5\x45\x52\x7b\x3e\x43\xc2\x4c\x8d\x20\x26\x3e\x1f\xa1"
	"\x5d\x39\x43\x5a\x37\x70\x74\xb3\xf5\x19\x70\xde\x87\x9a\x09\xe6"
	"\xd1\x23\xd4\x74\xd8\xe5\x0a\x57\xf3\x28\x9a\xfd\x31\xcf\x3d\x33"
	"\xbc\xaf\x80\x45\x22\x59\x66\x9b\xb0\x55\x94\xaf\x27\xde\xe7\x90"
	"\x97\xc2\xef\x51\x6d\x17\x67\x21\x7d\x7d\xcf\x75\xe2\x34\x82\xa1"
	"\x0c\xd7\x73\x5e\x22\xbe\x7c\x7b\xff\xf8\xe7\xe6\xdb\xe3\xf7\xef"
	"\xc2\xd6\x94\x8f\x69\x4c\x00\xf9\x5c\x24\x34\x8d\x24\x38\xd1\x6f"
	"\xf7\xd6\xe7\x5d\x6b\x5c\x9e\x1e\x49\xbd\xc1\xc5\x5b\x0e\xff\x60"
	"\x5b\x8f\x12\x72\xee\x69\x26\x8b\xad\x47\x36\xe8\xc4\x20\xe5\x85"
	"\x18\x63\x87\x1a\x97\x0b\xd5\x1e\xba\xb8\x58\xd4\x62\x82\x9c\x38"
	"\x4a\x79\x0b\x25\x35\x88\xf5\x96\x19\x2c\x0a\x64\xb1\x5f\x7e\x7e"
	"\x17\x23\x5c\xd7\x0c\x26\xa7\xfc\x01\x50\x1a\x3e\x4b\xba\x79\x3b"
	"\x8e\x05\x80\x50\xf0\xf6\x15\x03\xeb\x6d\xad\xb9\x3b\x8a\xf3\x30"
	"\xf0\x56\x8b\xc8\x99\xfd\xf9\x9c\x21\xe3\xe5\xc0\x54\xe5\xbc\xa6"
	"\x89\x17\xbb\xcb\x2d\xee\x62\x9b\x2e\x6b\x4d\xfd\xa6\x61\x84\x0d"
	"\x2b\x6a\x6a\xab\xe4\x0d\x8f\x5b\x63\x15\xd0\x4e\x12\xeb\x22\x5e"
	"\xfe\xfd\xf9\x60\x9a\xf8\x9e\xdb\x6a\x27\x40\xcb\xeb\xc5\x50\x73"
	"\xc3\x95\xad\x11\x0d\xbd\xb3\x48\x7c\x3f\x8e\x0d\xad\x5c\x53\x56"
	"\x21\xde\xe1\x7d\xff\x6c\x88\xbb\x52\xe3\xbf\xf7\x17\x7a\x84\xc9"
	"\x8d\x17\xfe\xa8\x2f\x52\x1f\x92\x97\xe8\x95\xa0\x94\x8d\x17\x71"
	"\x66\x8f\xc8\x64\x79\x77\x9a\xf1\x8d\x21\xeb\x1e\x87\x8e\xf7\x39"
	"\x08\xfe\xcb\xb1\x5d\xdc\x29\x38\xe7\x89\xb7\x46\x02\xcc\x4f\x71"
	"\xd7\xe6\x87\x2b\x85\x29\xca\xa0\x5a\x96\xb0\x3e\xa9\xda\x6e\x31"
	"\xce\x6c\xc0\x34\x99\x0c\xd4\x36\x77\xfb\x50\x32\x85\xa8\x89\xf9"
	"\x69\xd9\x06\x7d\xba\xe1\xea\x7d\x0d\x8c\x4a\x00\x45\x03\x28\x80"
	"\xc2\x26\x29\x5c\x05\xe5\x62\x7e\x38\x21\x34\x38\x8c\x1b\xb2\x19"
	"\x1e\xed\x52\xe6\x45\x48\xbf\x56\x20\xae\x1d\xe2\x19\x21\x79\xb6"
	"\xab\xc4\x0a\xd4\x37\x82\xd8\x06\x89\xe9\xdd\xc7\xd2\x44\xe5\xe3"
	"\xf3\x9b\x3b\x0f\x8d\xe3\x36\x62\xc0\x9b\x31\x9a\x31\x29\x62\x20"
	"\xcf\x58\x1a\x01\x8a\xd7\x8e\x6f\xc4\xe4\x75\x1c\x21\x1e\xa0\x23"
	"\x04\x1d\x66\x97\xf7\xe0\x61\x3c\xcf\xef\xe1\x89\x1f\x06\xae\x11"
	"\xd3\xdf\xe9\x96\x77\x67\x5b\x77\x15\x22\x9b\x8e\x23\x5a\xd4\xe5"
	"\xca\x0d\x5a\x3b\x66\xed\x58\x31\x5e\x10\x59\x31\x11\xb2\xc7\x3a"
	"\xc1\x04\xb1\xe5\x5d\xac\xd8\xf8\xab\xc8\xd8\xb2\x3b\x72\xd8\x65"
	"\xbd\x22\x5a\x99\x3b\x75\xc3\x03\xc7\x37\xb7\x6e\xc3\xd7\x33\x22"
	"\x84\xf3\xc9\x4d\x31\x63\xf1\x86\x84\xee\x1e\x09\x33\xd4\x4b\x87"
	"\xdd\x8e\xd9\xf2\xb4\x3f\x74\x7e\xfc\x14\x46\xa4\xce\x94\x1c\x97"
	"\xdd\x24\x8d\x7c\xc4\xa7\x76\x02\x59\x5d\x03\x89\x2d\x90\x02\x7c"
	"\xf3\xaf\xc0\x04\x57\x60\xc2\x2b\x30\x6b\x3b\xc6\xb7\x96\x67\xed"
	"\xad\x1c\x0b\x86\x8b\x1a\xb4\x63\x56\x57\x61\x5c\x3b\x26\xf4\xec"
	"\x98\xe8\x8a\x77\x45\x96\x7a\x66\x49\x14\xda\xda\x4b\xee\xdc\x99"
	"\x21\xbc\xad\xcd\x99\xa4\x2c\xf4\x1c\x0b\xc2\xb5\x95\x84\x06\xb7"
	"\xe0\x0c\x61\xc4\x6c\x23\x37\x76\x82\xad\x15\x13\x7b\xdb\x9d\x05"
	"\x14\xf8\x51\xc0\xcc\x18\xce\x78\x76\x00\x2e\x0a\x33\x6e\x97\x07"
	"\x6e\x8c\xba\x04\x9c\x31\x9e\x63\xc3\x44\xa1\x43\x6c\x08\x73\xcf"
	"\xe9\xd7\x7e\xc8\x95\x82\x11\xb4\xa7\xfb\xd0\xf5\xcd\xed\x45\x81"
	"\x60\xf3\x88\x85\x2f\x3a\xa3\x78\x1c\x19\x01\xbf\x27\x2b\x73\x81"
	"\x85\x99\xd2\xb8\x9e\xa5\xf3\x88\xf5\x5d\x46\x30\x52\xf9\x11\x23"
	"\xd5\x7a\x60\xc7\xac\x1d\x1b\x46\xcc\x7d\xae\x15\xe3\xb9\x81\x1d"
	"\xe3\x79\x76\xcc\xea\x8a\x7c\x42\xe7\x0a\x8c\xb9\xcc\xf2\x26\x87"
	"\x6b\xc7\x84\x4e\x18\xd8\x41\xee\xda\x8e\x09\x63\x2b\x66\x1d\xd9"
	"\x20\xbe\x1b\x59\x2a\x51\x80\xc2\xd0\x5f\xdb\x31\xab\x2b\xf2\x09"
	"\x1c\x3b\xe6\xaa\x42\x5b\x7a\x59\x91\xd4\xbe\x6d\x26\xe5\x09\xe6"
	"\x51\x7f\x99\x03\x12\xd4\x85\x68\xe8\x19\x05\x72\x3c\x7d\x01\x58"
	"\xe6\x19\x01\xb0\xe6\x10\xd8\x00\x91\x0d\x10\x5b\x00\xb1\xad\x90"
	"\xb1\xad\x90\xb1\xad\x90\xb1\xad\x90\x36\xc5\x21\xec\x0c\x1b\xc0"
	"\x56\x48\xb1\x40\xf6\x57\x76\xcc\xca\xbd\x02\x63\xfe\xde\x3a\x89"
	"\x23\xdf\xa2\x56\x00\xb3\xf2\xcc\xd5\x52\x72\x38\x3b\xcd\x9a\x82"
	"\x32\x8e\x7a\x67\x0d\xd0\x84\x0b\x9d\xe0\x5b\x31\x91\xa5\x3f\x09"
	"\x8c\x58\xb7\x7a\x56\xcc\xda\x59\x59\x3e\x6f\x1b\x07\x6b\x64\x9b"
	"\xa5\xc0\x1c\xc9\xce\x4f\x1f\x0b\xeb\x44\xcb\xf6\xdc\x32\x4b\x08"
	"\x84\x45\x0b\x08\x84\xff\xd3\x86\x48\x2c\x79\x18\x1c\x36\xce\x06"
	"\x5a\x91\xb9\x91\x6f\x6e\xec\xac\x48\xe6\x3b\x59\x3a\x8c\xe7\xda"
	"\x31\xe1\xd1\x73\x2c\x85\x2e\x58\xb2\x8a\x8a\xeb\x40\x96\xa1\xd7"
	"\xc3\x36\xbe\x45\x75\xb3\x64\x1f\x84\x6d\x0b\x0e\x62\x36\xcb\x47"
	"\x42\xbd\x2b\xb2\xf3\xcd\xcb\x1c\xc6\x39\x8b\x02\xdb\x47\x16\x61"
	"\x68\x5b\x51\x25\xae\x17\xa7\xb1\x75\x01\xc7\x5c\xc7\xb5\x65\xc5"
	"\xa2\xd8\x8b\xed\x98\xc8\xb2\xb0\x10\x8d\x1c\xdb\x4c\xfe\x92\x78"
	"\xce\xda\x0a\xb1\x4c\x72\x02\xe2\x7b\xd6\xc9\x34\x32\x6b\x03\xbe"
	"\x2f\x12\xcb\xec\xcf\x8b\xda\xb5\xe8\x1d\x09\xf1\xed\x90\xd8\x06"
	"\x59\x59\x46\x07\x40\x2c\x9f\x7c\x4f\x49\x18\x87\xe6\x05\xc5\x3d"
	"\x77\x3d\x8b\x51\x78\xcf\x81\xbb\xd5\x08\x39\xc6\x7e\x14\xbb\xa9"
	"\x15\xb3\xbe\x06\xe3\x5d\x81\xf1\xed\x90\xc0\x06\xc9\xa3\x38\xe0"
	"\xec\x0a\x54\x58\xee\x6c\x28\xa1\x09\xf6\xdb\x2b\x40\xd9\x7e\x6b"
	"\x70\x9f\x90\xb7\x04\xcf\x73\xe9\x84\xb5\x01\xd2\x48\xbe\x48\x00"
	"\xcf\xb0\x66\x97\x95\x70\x57\x63\xd8\xb9\xee\xa3\x4e\x77\x05\xbb"
	"\xf8\xdb\x8f\xe0\x71\x5f\x6a\x96\x5c\x6d\x97\x69\x10\x20\x1a\xb8"
	"\x26\x20\xbe\x41\xcd\x96\xf2\x31\x3e\xf3\xae\xba\x07\x3e\xf6\xba"
	"\x3b\x52\x96\xa9\x81\x1d\x97\xc0\x2d\xa1\x8d\x98\xab\x30\xf7\x13"
	"\xdd\x23\x70\x25\xa6\xa7\x40\xb9\xfa\x91\xe1\x7c\x04\x18\x32\x09"
	"\x66\x90\x8c\xcf\xe1\xa5\xd2\x00\x8d\xdf\x09\x00\xf0\xcd\xe9\x50"
	"\x07\x9d\x29\x52\xff\x59\x1a\xe0\xec\x63\x26\xcc\x67\xf5\x61\xd2"
	"\x2b\x2e\x7b\x93\x32\x82\xfb\x20\xd0\x85\x8d\xce\xee\xb7\x4d\x76"
	"\xb7\xec\x50\x3b\x25\xbf\x33\x7f\x5e\x6d\xea\x7a\x70\xeb\x90\xaa"
	"\x3b\x9d\x77\x55\x43\xef\x74\xef\x97\xbb\x96\x24\xa9\xe9\x0d\x2d"
	"\xb9\xbf\x72\x5a\xf0\xa7\xf8\xf8\xa6\x5c\xcd\xe9\x0f\xf4\x1e\xbf"
	"\xfd\xf8\xfb\xed\x2f\x8d\x58\x75\x37\x5b\x94\x6b\xf4\x1b\x48\xea"
	"\x42\x57\x33\xd3\xa3\x13\xbc\x7e\x8e\x84\x27\xfb\xb4\x9a\xb8\x2b"
	"\x8c\x29\x8b\xd8\xdc\x67\x41\x59\x1d\xc9\xa9\x3a\x70\x43\x76\xc3"
	"\xe5\x01\xe9\xc6\xae\x8b\x69\x7e\xc6\x49\x77\x82\x45\xbd\x1d\x1f"
	"\x3f\x9f\xbe\x3c\xbf\xff\x85\xf2\xd3\x01\x83\xe8\xb4\xec\xea\xf1"
	"\xe3\x28\x30\x85\x3b\x30\x62\x1e\x28\x6d\xc0\xf9\xd2\x08\x92\xd7"
	"\x92\xea\xd8\x09\xae\x80\x6d\x18\x31\xa3\x06\x4f\x36\x2d\x48\xe7"
	"\x0e\xba\x6c\x37\xbb\x84\xed\x0f\x3c\xad\x8e\xe3\x81\x9e\x1a\x6a"
	"\xc7\x5c\x3c\xd8\x05\xf0\x5b\x4b\xad\x91\x9c\x16\x91\x30\xb6\x80"
	"\x30\x41\xef\x9e\x18\xfa\x8e\x93\xb1\x0d\x0a\x28\x80\xb7\xc6\x5b"
	"\x64\x30\x9e\xbb\xff\xf2\xc7\xe3\x8f\x97\xe7\x4b\xef\x48\x1e\x3f"
	"\x9e\x95\xe3\x01\xb8\x4c\x99\x18\xcb\x28\x72\x9e\x79\xcc\x8d\x07"
	"\xd3\xd6\xcc\x05\x46\x9f\xb9\xda\x65\xeb\x8f\x97\xcf\xd7\x6f\x2f"
	"\xef\x7f\x7f\xde\xec\xde\x45\xaf\x7d\x7b\x9f\xf3\x7a\x0e\x5d\xbf"
	"\x6e\x32\x70\xbb\xaa\x0e\x52\x8d\xeb\x26\x49\x20\x47\xaa\x18\xa3"
	"\x3d\x45\x6e\xaf\x2d\xde\xdf\x5e\x9f\x7e\xdc\xb0\xd7\xaf\xaf\x4f"
	"\xef\x6f\x37\x9b\xc7\xa7\xff\x7c\xff\xfa\xf8\xf6\xa2\x1c\x92\xb0"
	"\x8d\x9e\x4c\x99\x4c\xb3\x9b\xf2\xfb\x92\xa5\x53\x04\x5c\xfe\xf8"
	"\xf3\xef\xb7\x27\xf0\xfe\x5a\x06\xf4\x19\xdb\x6b\x9b\x2e\xd4\x04"
	"\xa4\x91\x84\xc7\xeb\x55\xa0\x37\xc4\x24\x80\xf9\x11\x62\x84\x8d"
	"\x62\x64\x0f\xac\x2e\xa4\x4e\xab\x83\x00\xd9\x41\x95\xcf\x13\xee"
	"\xc5\x91\x63\x08\x75\x09\x20\x49\x22\xb0\xcd\xb3\x16\xbb\x33\x7c"
	"\x41\xed\xf3\x04\x21\x53\x03\x8c\xa8\xc1\x60\xed\x20\x26\xbb\x04"
	"\xa4\xeb\x20\x72\x8b\xe3\x3d\xfe\x9a\xf6\xff\x39\xbb\xb6\xe6\xb6"
	"\x71\x64\xfd\x57\x5c\xf3\xb4\x5b\xb5\x5b\xc3\xbb\xa8\x53\x35\x0f"
	"\x10\x2f\x12\x22\x82\x64\x08\x52\x96\xf3\xc2\xf2\x3a\xca\x8c\xeb"
	"\x24\x71\xca\x4e\xf6\x64\xff\xfd\x41\x83\xa4\xc4\x0b\x1a\x60\x76"
	"\xa6\x12\xc7\xe8\x8f\xb8\x34\x1a\x40\x03\x68\x74\x97\x8e\x85\xbb"
	"\x18\x91\x8c\xae\xc0\xaa\x59\xf5\xda\x1d\xa8\x57\x23\x95\xc9\x37"
	"\x5d\xea\x3c\xdb\x25\x60\x66\x18\x2c\x8b\x03\xfb\x31\x64\xe3\x74"
	"\xa5\xbb\x06\x7a\x68\xa0\x2b\x83\x2b\xdc\xa8\x93\x87\xcf\xb2\xe7"
	"\x63\xb2\xb5\x5c\x9c\xd1\x40\xf6\x1d\xd4\x7d\xc7\x08\xa2\xe3\xb4"
	"\x84\xf8\x5a\x32\x72\x29\x71\x25\xbb\x3a\x32\xe6\x92\x42\x92\xb3"
	"\x1c\xcf\xba\x5f\xf2\xb3\x92\x70\x8e\x82\x58\x64\x43\x58\x4b\x2d"
	"\x13\x06\x8c\x8e\x0b\x07\x1a\x88\xfd\x96\x64\xbb\xfa\x1a\xb7\x06"
	"\xb3\x7d\x4e\x23\x17\x25\x8b\xec\x67\xaf\x99\x6e\x2f\xae\x4b\x41"
	"\x46\xde\xeb\x00\x0d\x7b\xcb\x03\x35\x7b\x47\xf2\x0f\x6d\xc4\x0a"
	"\x2c\x1c\x2f\x60\x8e\x09\xc3\x8a\x06\x72\x18\x96\x2c\xb4\x2c\x03"
	"\xdd\xd7\xd3\x03\x0b\x97\x44\x69\x75\xe0\x23\xc7\xc0\x3d\x60\xb3"
	"\x09\x34\x93\x58\x07\x08\x03\x03\x60\xeb\xea\x01\xa1\xe7\xa2\x63"
	"\x1f\xc8\xc1\xe8\x29\xcd\x35\x75\x63\xf9\xcb\xa9\x04\xec\x3f\xb4"
	"\xed\x09\xb7\x8e\xaf\xa7\x6f\x0d\xdf\x6f\x43\x9c\x5e\x07\xae\xee"
	"\xf3\x24\x4f\x1d\x7b\xc7\xd4\xb2\x9a\x7c\x90\x2f\xfd\x4a\x7c\x36"
	"\xd2\x52\x4f\xb4\x4c\x2a\xf9\xb4\x12\x85\x88\xc5\xbc\x41\x89\x65"
	"\x94\xfa\x62\x4e\xc0\x7b\x4a\x61\xed\x37\xa5\xd7\x1c\x37\xf5\xef"
	"\x00\xa8\xf9\xc6\xf5\x7b\x2c\x00\x90\x04\x44\x7e\xed\x87\x9a\x0c"
	"\x8e\xa1\x85\xf7\x4d\x95\xfb\x75\x30\x3d\x88\x1b\x51\x61\x93\xaf"
	"\xd2\x12\xb8\xc3\x4a\x8e\x7f\x25\xa9\xdb\xa9\x70\xca\x44\xc7\x5a"
	"\x26\xee\x2c\x47\x91\x7d\x83\xf9\xc1\x92\x74\xea\x6d\x82\xb3\x5e"
	"\x47\xe0\xcc\xb7\x70\x35\x85\x1f\x1f\x42\x31\xc8\x1d\xcd\xe7\x88"
	"\xeb\x35\xb2\x3b\xfb\x96\x41\x3f\xe1\x35\x2b\x13\x8c\x39\xd2\x32"
	"\x6f\xde\xe2\xac\x74\xb7\x1e\xde\x87\x60\x9d\x15\xe2\x9d\x58\xd3"
	"\x36\x63\x1a\x19\x26\x19\x43\xa2\x0d\x80\x8b\x2b\xdb\x42\xac\xa7"
	"\x3a\xff\x57\x98\x0b\x48\x9d\x73\x2c\x59\x29\x09\xd0\x4c\x82\x1d"
	"\x60\x6b\xe9\x01\x8e\xbd\xd1\xb6\x5b\x70\x46\xa3\x55\xf4\x08\x3f"
	"\xf0\x4d\xa5\x84\x7a\x40\x18\x18\x5a\xba\xb5\x2d\x13\x40\xaf\xba"
	"\x5c\x41\xba\xd5\x5f\x80\xc4\xda\x87\x9c\x70\xd6\xf7\x99\x67\xb9"
	"\x1a\xd9\x14\x00\x88\xcd\xac\x17\xde\xfb\xcc\x76\x36\xae\x1e\x93"
	"\x31\xd7\xd7\xcc\x59\x75\xe4\xfa\xe1\x56\xc3\x30\xa6\x59\xfe\x4f"
	"\xe7\x50\xa3\xc1\x91\x8a\x7e\x28\x72\xa2\xe5\xe4\x80\xd1\x31\xf2"
	"\x9e\x85\x9e\x46\x89\x10\x64\xd7\xd6\x2b\x59\x3d\xc4\x50\x88\xeb"
	"\x5b\xa6\x5c\xb6\x5b\x0f\x55\xa5\x5d\x3f\xf3\xec\xa5\x7e\x2f\x93"
	"\x91\xf7\x6d\x63\xc4\xc4\xc9\xc0\xd5\xf9\xd6\x24\x58\xf7\xd5\x23"
	"\x17\xf6\x9c\xf0\x86\xe8\x02\x95\x9e\x8a\xac\x26\xfb\x44\x9d\x09"
	"\x84\xd6\x68\x3a\x5f\x18\xbc\x61\x88\x2d\xe8\x0d\x0e\x87\x8b\xf2"
	"\x6c\x71\xed\x07\xb0\x3d\x0d\x91\xc1\x3c\x42\xc5\xbe\x8b\xe8\x23"
	"\x23\x50\x2e\x7e\x94\xda\x06\x0f\x82\x94\xc5\x85\xad\xe0\xe3\x95"
	"\x2e\xf4\x6c\xb0\x96\x56\xb3\xa4\xdf\xa7\x41\x1e\x86\x1a\xf5\xc8"
	"\x3e\x37\x03\x58\x6c\x46\x1c\x64\xca\x99\x81\x4c\xc5\xa6\x24\xf7"
	"\x5d\xdf\x37\x31\x15\x35\xff\xbd\x41\x28\xcf\xb6\xae\xe5\x9b\x51"
	"\x81\xb3\xb1\x89\x01\x06\x4b\xe2\xc6\x5e\x03\x72\x8c\xa0\x70\x83"
	"\x3c\x6c\x99\x82\x8c\x3c\xc8\xba\x99\x6d\x05\x2a\xd8\x04\xc6\xde"
	"\x3e\xdb\x7e\xb8\x02\x15\x06\xde\x76\x0d\x2a\xb0\x56\xa0\xb0\x57"
	"\x0d\x33\x14\x62\x46\x33\x42\x09\x9d\xde\x28\x59\x65\xda\x7c\x48"
	"\x30\xbf\x48\x23\xd8\x29\x0c\xad\x60\x15\x2a\x5c\x85\xda\x1a\x51"
	"\xf7\xcc\x80\x00\xcd\x94\x58\xf6\x0a\x14\x37\xb2\x81\xfb\x2c\xdc"
	"\x04\x1b\x03\x4a\x2c\xed\xbe\x8d\x45\xcf\x9c\xc0\x02\xc7\x35\x72"
	"\xab\x53\xae\x1c\x77\x15\x6c\x73\x5e\x03\xb3\x57\xd5\xcd\x77\x3c"
	"\x53\x6e\xa7\xf9\x93\x50\x84\xaf\x5b\xd5\x9c\xbb\xd8\x47\x4c\x49"
	"\xdd\x6e\x02\x21\xb9\x6a\x52\x5c\x70\x6b\xb4\x95\xae\xa2\x99\x9f"
	"\x2d\x91\xd0\x85\x36\x1a\x45\xf0\xaa\x54\xc7\x72\x55\x34\x38\xf6"
	"\x1c\xc7\x60\xaa\xda\x3c\xb9\x12\x26\xe9\x62\xeb\x86\xa4\x07\xca"
	"\xf4\x77\x27\x75\x3e\xbc\xc8\x1f\xd4\x04\x92\x3f\x14\x6a\xca\x81"
	"\x54\xa5\x92\xc2\xc4\x6a\x7c\xdc\xc5\x4a\xda\x99\x8d\xbf\xb9\xdd"
	"\x0e\x88\x49\xbd\x7b\x18\x80\xbb\xc4\x94\xbc\x39\xd1\x48\x19\xd9"
	"\x45\x86\x33\x93\x2f\x8e\xc0\xfb\xda\xd8\x8b\xd1\x97\xcb\xc7\xe7"
	"\xc7\xbb\xa7\x97\x57\x45\x00\xac\xee\xab\x88\x30\x79\x0e\x7a\xfd"
	"\x78\x74\x27\x01\xf4\x2e\x66\x49\x5b\x9f\x06\x08\x72\x7f\x01\x58"
	"\xf0\xdc\x55\x0b\xf5\x45\x0d\x9e\x40\x2b\x02\xef\x00\xd1\x52\x79"
	"\x5c\xad\x28\x2f\x4a\x22\x63\x41\xcc\x61\x36\x3f\x14\x8a\x32\x06"
	"\x8a\x7c\x43\x85\xc5\xd1\xea\x0b\x2a\xf2\xba\x02\xcf\xb4\x2a\xa7"
	"\x60\x27\x1a\x27\x20\x25\x23\x87\x52\x5d\xd2\xc9\xcb\x26\x7b\xf3"
	"\x2e\x95\xc4\x27\xcd\xab\xb0\x0e\xd3\xa9\x8a\x8c\xe6\x32\x1a\x5d"
	"\xbe\x57\xf6\x3a\x64\x0f\x91\xc9\x1c\xf1\x47\x51\xfc\xae\x49\x9d"
	"\xd9\x48\xbc\xa5\x8b\x4f\x8a\xf1\x6d\xff\x8d\x12\x33\xc1\xfd\xc9"
	"\xcd\x62\x0d\x17\x47\x6d\x92\x94\x95\xc2\x6b\x18\x93\x02\xa6\x78"
	"\xb0\xd2\x31\x4e\x46\xd1\x35\xf6\x23\xe4\x8f\xf7\xa3\x68\xe7\xf5"
	"\xdd\xb2\x2a\x9c\x78\xc7\xb2\x88\xa4\x42\x0d\x8e\x94\x4e\x71\x3b"
	"\xc4\xfc\x19\xfa\x38\x55\xa8\xfd\x11\x42\xe9\x07\x48\x59\xf0\x5a"
	"\x70\x20\x4a\x38\x5f\x0d\x6c\xf7\xf1\xc4\x77\xcd\x80\x28\x81\xd0"
	"\x9e\xec\xd6\x12\xff\x17\xbb\x77\xc8\xc5\xe8\x04\xec\xa8\xc0\x18"
	"\xd4\xee\xa0\x4b\x2e\xe1\x55\xe5\x75\x65\xe0\x9c\x98\xf4\xcb\x84"
	"\x4c\xc2\xd5\x4f\xc8\x35\x9f\x78\x3b\x98\xd0\xde\x95\xc9\xbe\xe5"
	"\xef\x3f\x8c\xce\xaf\x64\xcf\x5f\xfb\x64\x56\xcf\xc1\xad\x51\x1a"
	"\x38\xa6\x5a\xa5\x94\x81\x07\x2c\x67\x61\x1f\xd0\x13\x6e\xe9\x7d"
	"\x42\x7b\xda\x00\x2f\xaf\x17\x8b\x97\xaf\x6f\x2f\xaf\xbf\x0b\x96"
	"\xd0\x54\xfc\xf2\xfd\xfb\xf3\xd7\x3f\x07\x13\x85\x88\xd3\x51\xd2"
	"\xd8\x21\x1f\x14\xd0\x4d\xc8\x10\xb8\x80\x8a\x2d\x23\x64\x9c\x54"
	"\xae\xda\x2d\x1f\x06\x9f\x3c\xf7\xee\x12\xfd\x56\x15\xe3\x71\xa0"
	"\x39\xe3\x08\xdf\x09\x24\xc3\x88\x85\xab\xd4\x3e\xf6\xe8\xd0\xac"
	"\x5d\xce\x35\x55\x97\xac\x00\x08\x2a\x4c\x11\x05\x23\xa5\x2c\x89"
	"\x6a\x85\x04\x03\x31\xd8\x39\x26\xd9\x05\x98\x9f\xac\x84\xb9\x6b"
	"\x60\xde\xc1\x7f\x88\x56\x02\xd7\xc0\x9c\xd2\x59\x07\x0b\xd7\xc0"
	"\xdc\x72\x55\x23\xdc\x6c\x55\xa1\xee\xc1\x5e\x0b\x8b\x5c\xfd\xcc"
	"\x20\x71\xef\xec\xf9\x9c\x30\xe6\x57\x12\xac\xeb\xa6\x75\xb0\x74"
	"\x5d\xd5\x99\xb3\xa2\xde\xcc\xd5\xd4\xdb\x65\xeb\xfa\x39\x5b\x57"
	"\xa1\x65\x3f\xab\x40\x5b\x5d\x85\xca\x90\x97\xeb\x64\x6a\xc3\xcf"
	"\x6b\x80\x55\xb9\x5b\x9b\xdf\xfb\x55\xc0\x7a\x65\xc1\xce\x3a\x39"
	"\x75\xb2\x15\xd2\xe7\x64\x9e\x86\x69\x94\x9d\x9d\xc0\x5a\x53\x98"
	"\x40\xba\xae\xbb\xae\x5a\x9b\xb5\x19\x3a\xd6\x2f\x20\x23\x77\x25"
	"\xd8\xb1\xb7\x6b\x91\x7e\xb8\x16\xe9\xad\x92\x63\x5e\x39\xfe\xd6"
	"\xdc\x29\xde\x81\xe8\x3b\xc5\xb5\x83\x95\x15\xf3\xd7\x21\x87\x03"
	"\x4e\x6d\xd5\x48\x54\xe3\x4b\x0f\x10\xc9\x71\xe3\x7a\x46\x96\x5d"
	"\x91\xfe\x5a\xe4\xc6\x5e\x83\x8c\xef\xb7\x1b\xdb\x5b\x8b\x0c\xad"
	"\x95\xc8\xd0\xf2\x56\x23\x37\xab\x5b\xe4\xac\x41\x66\x51\xb8\x0d"
	"\x1d\x7b\x63\xee\x16\x99\xe7\x19\x11\x1a\x00\x7c\x88\x7c\xd7\x35"
	"\xe7\x23\x60\xc1\x30\x8b\x4e\xa9\x69\x46\xf8\x01\xef\xfe\x8e\x0c"
	"\x17\x28\xe6\xf9\xa2\xc3\x76\x17\xc4\xfa\x2a\xf5\x85\x76\x07\x20"
	"\x48\xeb\x3a\x8c\x34\xb3\x5c\x55\xae\xf4\xa1\xb9\x06\x78\xac\x63"
	"\x27\xd8\x1a\x3b\xaa\xb8\x2a\x64\xda\x2c\xcb\xbd\xd8\x87\x97\x87"
	"\x07\xcd\x36\x21\x2e\x55\x9b\x12\x92\xf2\x9a\x68\xf3\x26\x10\x43"
	"\x50\xa8\x98\x88\x64\x75\x6a\xe7\xe3\xdb\xe5\x2e\xbd\x3c\x7e\xff"
	"\xf1\x7a\x99\x6b\xd3\xf1\xf3\xeb\xe5\xe9\xfb\x1d\xe8\x9e\xff\xa4"
	"\x7c\xf0\xa5\x38\x42\x8d\x14\xdb\x98\x56\xa2\xa5\xa0\xad\xf7\x7b"
	"\x6f\x55\x8f\x80\x12\xcb\x23\x22\xb6\xe5\xed\x2c\x26\xeb\x1c\x7a"
	"\x03\x0a\xa5\xdb\x6e\xd5\x11\x5c\x55\x58\x07\xb0\x8a\xb2\xeb\x38"
	"\x5f\x93\xd7\x00\x5b\x64\x33\x2a\xc4\x6e\x1d\x47\xfe\x8d\xdc\x08"
	"\xde\x90\x62\x0f\x68\x86\xd8\x46\x8c\xdb\xae\x80\x38\x46\x8c\xd7"
	"\xae\x80\xd8\x4a\x3b\xb7\x1b\xc2\x6f\x47\x67\x91\x27\xc1\x31\x68"
	"\xe4\x74\x8f\x73\xb8\x17\x92\x47\xfb\x87\x5a\x53\x52\xf7\x9a\xa2"
	"\xdd\x57\x45\x33\x91\xe9\x38\x2a\xe5\xf6\x7a\x21\x9e\xa7\xcb\xd7"
	"\x8f\x2f\xaf\x0a\x01\xbd\xed\x3f\x13\xf0\xf0\x38\xbc\x33\x50\x6d"
	"\x3e\x3b\x00\x8b\x26\x76\xdd\x7d\x6a\xc9\x95\xf6\xac\x49\x04\xc3"
	"\xa6\x97\x89\x66\x12\xd7\xbc\x4b\xeb\x4e\x57\x86\x43\x10\xb1\xd3"
	"\x26\x95\x09\x93\x56\x62\x60\x4c\x24\x13\x5c\x9d\xe7\xb4\xc8\xf1"
	"\xc1\x70\x45\x44\xf6\x1a\x90\xb3\x06\xe4\xae\x00\xc5\x51\x1c\xa1"
	"\xb0\xb2\x4a\xfa\x43\x08\x38\x4e\x86\x28\x23\xbb\x07\x64\x54\xf5"
	"\xfd\x5d\x25\x75\x92\xd7\x7d\x4b\x47\x6e\xfd\xc4\x6c\x31\x1b\x66"
	"\x90\x94\xde\xb7\x4d\x19\x93\x3a\x69\xeb\x83\x60\x6c\x8c\xe4\x4d"
	"\xd2\x16\xe2\x6c\x8c\xe6\x9b\x6b\x70\xaf\x2a\x3a\xb4\xa2\x07\x2b"
	"\x88\x4c\x1f\x1d\xe0\x3c\x6e\x74\x72\x39\x1c\x2e\xc8\xb9\x1c\x45"
	"\x4d\x6a\x04\xa2\x5b\x35\x10\x0b\x84\x7b\xba\x59\x6b\xc7\x85\xc6"
	"\x84\xdc\xff\x4c\x20\x36\x3e\x03\x75\x00\x47\x31\x85\xf5\xb9\x9f"
	"\x75\xd9\xc7\xf9\x22\x7b\x35\x44\x7d\xb7\x31\x6b\x6c\xa0\x8a\x4b"
	"\x03\xc3\x98\xee\xf3\x24\x6e\x77\x34\x27\xd5\xc4\x95\x96\x3c\xe2"
	"\xe8\x8a\xc9\xe2\x66\x8d\x82\x2e\xd4\xd0\x5d\x13\x1d\xf5\xb3\x32"
	"\x64\xcb\xa2\x66\x1c\x0a\x04\xe4\x4a\x46\x02\x11\xe9\xaa\x25\x07"
	"\xc2\x44\x75\x5f\x23\x27\x94\xd7\x83\x58\xec\x80\xf2\x76\x52\x2b"
	"\xa3\x5d\x67\xd8\x4b\xa7\xe9\x01\x18\xf7\xcb\x76\x8f\x3c\x93\x5b"
	"\x22\xe1\x98\x6d\x25\x94\xa5\xd1\x0a\x64\x7f\x5c\xb4\xe7\x5a\xf0"
	"\x41\x4c\x7f\x8d\xe9\x9c\x8e\xe3\x47\xac\xdd\x62\x30\x61\x99\xe0"
	"\xa8\x74\x6d\xd6\xb3\x73\xe9\x0d\xb0\xbb\xcd\xb8\x7c\xbc\x63\x2c"
	"\xfa\x9d\x83\x41\x6c\xef\x8b\x7b\x64\xa5\xdf\x5d\x32\x90\x98\x94"
	"\xf5\xac\x4b\xfa\xeb\x07\xea\x6d\x10\xf9\xbf\x01\x6c\x57\x19\xb2"
	"\x02\xc8\x55\x1d\x05\x8e\xed\xe6\x53\x97\xec\xa3\xd4\xf1\x13\x8a"
	"\x96\x55\x98\xdd\x2d\x50\x63\xbe\xab\x34\x35\x61\xe4\x4c\xe5\xbf"
	"\x74\xb5\x3d\x90\xea\x68\xa2\x3b\x68\x0d\x8e\x09\xe6\x65\x0f\xa8"
	"\x15\x81\x20\x79\x79\x81\x02\x18\xd9\x62\x17\xbe\xb2\xf4\x3a\x21"
	"\xfe\x06\xf1\xce\xd8\xd7\x8f\x90\xcd\xc6\x0a\x0e\xda\x4c\xd2\x20"
	"\x44\x4c\xd0\x3b\x44\x67\x7f\xb5\x90\x97\xfa\xf2\xf3\xf1\xed\x8e"
	"\x7e\x7d\xfb\xfe\xfa\xe3\xcb\xe5\xeb\xf7\xb7\x3b\x00\x86\x3f\xef"
	"\x52\xd6\xdf\x5e\xdc\xfd\x8d\xd7\x77\xf2\x29\xcc\x24\x54\x40\xf4"
	"\x20\xd6\x27\x0e\x27\xa6\x15\x9b\xfb\xd3\x1e\xdd\x80\x3c\x7e\x7d"
	"\x7a\xfe\xfc\xf9\xf1\xf5\x3f\xb7\x88\x04\xdf\x7f\x7c\x15\x3f\xff"
	"\x21\x90\x70\xc0\x2c\xfe\xf1\xec\x3c\x89\xdf\xbe\x3d\xff\xe3\xee"
	"\xd3\xab\xd0\x7d\x85\x2a\xf2\xf6\xf7\xf9\x75\x1c\x6f\x76\x71\x75"
	"\x92\x91\x2e\xae\x7b\xa0\xe9\x7d\x5c\x5d\x93\xe8\x30\x1f\x48\x70"
	"\x85\x28\x8d\x95\xba\xd7\x77\x3f\x3e\x3e\xbf\xdc\x7d\xbc\x3c\xbd"
	"\x7c\x94\x35\xf8\xf6\xfa\xf2\x74\x79\x83\x4a\x48\xff\xc7\x5f\x9e"
	"\x7f\x8e\x9e\xe1\x55\x31\xbf\x42\x87\xb4\xd3\xf3\xc7\xcb\x0b\x92"
	"\x0a\x39\x3c\x4e\x0a\x98\xd2\x2f\x5f\xa7\xa9\xd1\xe3\x97\xcb\xeb"
	"\x63\xcf\x85\x51\x50\x19\x49\x4c\x3f\x3f\xbe\xfd\x35\x4f\xec\xf2"
	"\x79\xfe\x22\xaa\xfd\xef\x0b\x74\xd6\x1d\x04\x70\xb8\x92\x65\xeb"
	"\x7e\xef\x40\x4f\x2f\x02\x25\x9a\x06\x6f\x75\x26\x20\x1e\x57\x77"
	"\xb2\x03\xa6\xc9\xec\xf9\xed\xe9\xf2\x19\xde\x0d\xbd\x40\x68\x90"
	"\xcb\xe7\x6f\x73\x44\x77\x1d\xf0\x76\xf7\x03\xde\x44\x89\x5c\xdf"
	"\x5e\x9e\xda\xa7\xae\x09\x5d\xcf\xce\x7b\xac\x6e\xf2\xf1\x95\xc8"
	"\x28\x11\xe2\x10\x94\xe3\x70\x59\x63\x5a\x1d\x93\xd0\xd9\x5a\x1a"
	"\xe2\xe6\x8c\x12\x6d\x41\xb5\x51\xea\x36\x0c\x37\x08\x51\x8e\x41"
	"\x5b\x47\x44\xbe\x64\xb5\x63\x9d\x91\x0a\x9d\x23\xc7\x72\x42\x8c"
	"\x06\xa1\xa2\x31\x9a\x87\xd2\x58\xe4\x79\x3c\x94\x26\x07\xdd\xf8"
	"\x7d\x79\xf9\xfc\x06\x0e\xba\x85\xac\x5c\x3e\xbf\x7c\xbb\xfb\x7a"
	"\xf9\xbf\xdb\x30\x1a\x0f\xd8\x3a\x46\xfc\x8a\x01\xa1\xcd\x8b\x9a"
	"\xa6\x74\x7a\x8f\x2b\xbf\xde\xbf\x3e\x7e\xfb\x0b\x5e\x98\xcd\xe2"
	"\xc8\x90\x8a\xdd\xed\xcb\x06\x76\xab\x9f\x9e\xff\xfc\xf1\xfa\x08"
	"\xef\xc2\x46\x32\x40\x32\xda\xc6\xf1\x11\x36\x79\x7c\xf6\x44\x56"
	"\xd2\x76\x54\x28\xea\x62\x21\xab\x6c\xab\x44\xf6\x4b\x53\x98\xb3"
	"\x0e\xe6\xad\x83\x05\xeb\x60\xdb\xd2\x6a\xdf\xaf\x00\x3a\xb3\xfc"
	"\x94\x20\xd7\x29\xc7\x22\x06\x34\x46\xe3\x3d\xa9\xe2\x05\x77\xf6"
	"\x9d\x0d\x89\xee\x86\x78\xf4\x79\x1b\x9f\x52\x6e\x46\x75\xcf\x6e"
	"\xbb\xf0\x82\x38\xba\x7f\x20\xad\x01\x30\xd2\xa6\x89\x3a\xd2\x96"
	"\x04\x24\x67\x38\x10\x59\xb4\x49\xc6\x4d\x11\x93\xf4\x11\xcf\xba"
	"\xac\xd2\x28\x87\x43\x4e\xf8\x23\x08\x31\x41\xdc\xbb\xf6\x35\xc5"
	"\xac\x05\x24\x59\xd6\xd1\x04\xca\x0b\xf9\x13\x07\xf0\x07\x5e\x27"
	"\xcc\xc4\x34\x47\x0c\x21\xf9\x46\x5d\xd3\xb6\xfb\x4a\x3e\x52\xde"
	"\x04\x3e\x7e\x17\x0a\xea\x74\x2e\xd4\xe9\x3f\x7e\xdb\x86\x8e\xf5"
	"\xdb\x74\x34\x9d\x52\x3e\x13\x9f\xce\x65\x26\x7f\x50\xa7\x1f\x93"
	"\x2a\x4f\xb2\xab\x83\xf6\x69\x75\xde\x15\x42\xb7\x6a\x58\x89\x75"
	"\xa2\xd8\x11\x82\xbf\x84\xc5\x77\x60\x21\x51\x3d\xb4\x69\x93\x65"
	"\x0f\x2d\x04\x50\x40\x1c\x27\x5e\x45\x65\xd7\xa4\x60\xe7\xd4\x4a"
	"\x43\x1e\x26\x76\xb1\x58\x89\x03\xb8\x0f\xbd\x79\x8d\x50\x36\xcd"
	"\x92\x54\x3b\x5a\x27\x2b\xc6\xc6\xe1\xbe\x4d\xaa\x8a\xd4\xa4\xb5"
	"\xbd\xd0\x17\xec\x84\x39\x4e\xec\x66\x53\xa1\x3c\xe8\xea\xbc\xfc"
	"\x4e\xee\xb6\xa4\x5b\x01\xe9\x90\x3e\x27\x35\x3d\x69\x64\x61\x9f"
	"\x30\x5f\x34\x84\x66\x9a\x42\x86\xee\xee\x0e\x40\x2a\x79\x48\x42"
	"\xf3\x21\xec\xe8\xaf\x7f\x47\x2a\x86\xb1\xf5\x6a\x22\xd2\xc9\xd5"
	"\xe5\xe7\x7f\xbe\xbe\xbc\xfd\xd6\x3f\xa1\xfe\xfc\xf8\xfd\xd3\xcb"
	"\xeb\x17\xa1\x7d\x5d\x9e\x9e\x3f\x3d\x3f\xdd\xbd\x7c\x83\x79\xfc"
	"\x6d\x36\x91\x0f\xe6\x11\xc0\x84\x99\xa8\x0d\x97\xf8\x4b\xe1\xec"
	"\x29\x25\x53\xa7\x57\x75\xc9\x16\xbd\xdb\xd3\x68\x5a\x16\xf8\xec"
	"\x22\x21\xef\x0b\xa4\xbc\x85\x5b\x84\x31\x71\x57\xf3\x96\x15\x48"
	"\x13\x60\xd0\x60\x24\x30\x51\xa8\xab\x24\xc1\x6a\x9c\x65\x91\xa1"
	"\xc2\x51\x06\xce\x0f\xf8\x52\xa2\xe5\xd2\xfb\xd0\x36\x35\xcd\x28"
	"\x97\xfe\x24\xf0\xfe\xaf\xf9\x7e\xad\x70\x70\x16\x0d\x59\xc3\x3a"
	"\x6d\xfa\xea\x9e\x1c\x93\xa6\xec\xe5\xfc\x9e\x18\xf1\x3b\x09\xac"
	"\x4a\xd6\xde\x1f\x68\x06\x47\x3a\xbc\x14\xe2\x08\xce\xc4\x1b\xa6"
	"\x19\x1d\x32\x88\x85\x1b\xb7\x65\x42\x8e\xb2\x7e\xc6\x92\x9a\x9c"
	"\x76\xb6\x68\x8a\xf8\x27\x83\xfc\xde\xc4\xb6\x3b\x51\xbf\xfc\xeb"
	"\xc7\x9f\xf3\xc4\xdb\x26\x47\xea\x2a\x88\xa8\x8f\x96\xa0\xb2\xa2"
	"\x6c\x76\xf0\x32\x87\x88\xe9\xa0\xa6\xb3\x45\xaa\x7b\xfd\xff\xf2"
	"\xfa\xbf\x8f\xaf\x2f\x3f\x66\x4a\xd8\x6d\x0a\xab\x16\x3d\x3d\x6c"
	"\x5c\xf6\x04\x10\xa3\x9d\x4c\x97\x00\x5b\x5d\xe8\x49\xfe\x87\x1d"
	"\x8c\x4e\x74\x2b\xa6\x72\x32\x72\xf7\xb7\x6e\xaf\x13\xbd\x94\xc3"
	"\x1e\xe7\xef\x0b\x55\x6d\x9c\x09\xc4\x95\xee\x03\x4e\xaa\xdf\x4b"
	"\x76\x7d\x71\x88\x2b\x50\x44\x3b\x3d\xa2\xc8\xc5\x7c\x5e\xca\x08"
	"\x31\xcb\x90\x60\x30\xcb\x0c\xca\x63\xef\xb5\x63\xe9\xc2\x64\x5f"
	"\x91\xf2\x40\x23\x0e\x47\x39\x83\x46\x9b\xbe\x8a\x5d\xc5\xdd\xbf"
	"\x7e\x7c\xfa\x04\xc1\xa4\xe6\x1f\xa6\xbb\x71\x77\x0c\x9b\xcf\x56"
	"\x68\xc8\xaa\x75\x25\xdd\xb5\x11\x8b\xc1\x75\xea\xe8\x40\xb2\x57"
	"\x76\x27\xfd\x2a\x12\x63\xe4\x3d\xbf\x20\x49\xa7\x25\xa7\x84\x13"
	"\x8d\x35\x1e\x14\x25\xfe\xa4\x34\xcb\xaa\xc9\xf6\xb4\x27\x44\x45"
	"\xf9\x20\x6a\x4a\x16\x04\x21\x63\xfb\x64\x97\xd1\x7a\x56\x1f\xa0"
	"\x55\xc9\xa9\x2d\xe9\x39\xc9\xc0\xc1\x57\xbb\x7b\xa8\x13\xac\x8a"
	"\x62\x91\xbf\x96\xad\xc3\x0c\xd5\xd0\x61\xae\x35\xc2\x40\x65\x55"
	"\xc0\xf6\x5a\xac\x74\x35\xfc\xda\xe4\x20\x06\x09\xbc\x90\xc2\x33"
	"\x16\x4b\x50\x42\xf7\xb9\x50\x42\xc5\x66\x26\xd7\x36\xa3\x28\x39"
	"\x4a\x17\x83\x01\xc2\x15\x21\x64\x46\xe0\x11\x78\x82\x7e\x0e\xfa"
	"\xca\x22\xa0\xdc\xe8\x73\xf1\x6d\x1f\x53\x93\xcf\x7a\x43\x4c\xce"
	"\x92\x25\xb5\x4a\xda\x27\x22\xfb\xd7\x10\x7c\x53\x61\xfc\x09\xdd"
	"\x4a\xab\xaa\x41\x2b\x58\x32\x07\x23\x89\x25\x3e\xca\xa2\x18\x23"
	"\x47\x0f\xbb\xa4\x72\x2c\xe4\x24\x0d\xbe\xe7\x14\x02\xe4\xa2\x9d"
	"\x4a\x19\xaf\x51\x62\x21\xe6\x76\x3c\xee\x21\x74\x8c\x1d\x4b\x07"
	"\x02\x18\x3d\x17\x02\x43\x51\xe1\xa8\xe8\x09\xa5\xd1\x8d\x67\xe1"
	"\xfd\x5d\x57\x05\x5a\x66\x45\xe2\xa4\x40\x45\x8d\xd4\x0f\x36\xe2"
	"\xe2\xaf\xa3\xa2\x4d\x75\x51\x0a\x39\x61\x2e\x9a\x81\x4a\x51\xee"
	"\xe5\x49\x21\xc6\x1c\x45\x27\xa0\xe3\x43\x55\x60\x34\x37\x4e\x51"
	"\x0e\x9c\x8a\x22\x2e\x90\x07\x62\x40\xae\xc3\xc0\x41\x5b\x53\x57"
	"\x62\x8c\xe3\xf2\x82\x9d\xa9\x4a\x29\x46\x33\x8d\x84\x18\x63\x01"
	"\xfe\x24\x6f\x51\x1e\xc0\xd3\xe9\x06\x6f\x6a\x13\x67\xa8\x04\xed"
	"\x58\xbb\x3f\xd7\x9e\x8f\x0f\x8e\xde\xfe\x06\x95\x33\xa1\xfb\x15"
	"\x79\xc1\xd0\x7a\xb3\x9d\xe0\x24\x2e\xfd\xbb\xaa\x20\x31\x3f\x24"
	"\x09\xce\xcd\xa6\x68\x8f\xf6\x56\x19\x48\x4c\xca\xce\xf4\xc4\x6c"
	"\xd0\x4b\xcb\x66\xfc\x66\xe5\x9a\x5a\x2e\xd2\xa4\x75\x6d\x2c\xb2"
	"\x59\xa2\x29\x17\x5b\x84\x87\xe9\xad\xdd\xa0\x14\x52\xa1\x10\x0c"
	"\xd7\x84\x0b\x6a\xa7\x02\xc2\xa4\xb9\x20\x1d\xe8\xae\xdb\x28\x4d"
	"\x4f\x7e\x06\x55\xb8\xbb\x05\x94\xa0\x36\xca\x6b\x7c\x3f\x3c\xca"
	"\xa7\xbf\xa5\xbc\x15\x95\x15\xfb\x3d\xec\x7d\x76\x74\x1f\xc3\x76"
	"\x6d\xa2\xbd\x0f\x8d\x2b\x3e\x24\x8a\x0a\x90\x74\x17\x69\x4e\x06"
	"\x06\x9e\x25\x0c\x36\xae\xd8\x0b\xd6\x01\xd5\x64\x35\x15\x33\x63"
	"\x91\x35\x48\x73\x07\xe3\xae\x9e\xd3\xba\x22\x33\xc1\x6d\x58\x7d"
	"\x28\xaf\x91\x13\x96\xe1\x9a\x1b\x69\x99\x50\xfd\x79\x51\x69\x8c"
	"\xad\x85\x08\x88\x8a\xc0\x26\x49\xc5\x17\xb8\x12\x12\x9b\xdb\x76"
	"\x7e\x02\x74\x75\x9e\x07\xe1\x7f\x60\x13\xd5\x6d\x54\xe7\x8b\x24"
	"\x16\x4a\x51\x96\x2a\x34\x31\x4d\xb0\xc5\xbe\x59\xfd\xe6\x1f\xdb"
	"\x04\xcd\x60\x29\x1e\xec\xb3\x07\xf6\x67\x20\x5e\xbb\xd5\xb1\x5d"
	"\x7a\x04\x3c\x28\x9f\xed\x5e\x4d\x0f\xe2\xb3\x3c\x2f\x59\x88\x58"
	"\x99\x65\x2d\xcf\x92\x64\x62\x68\x41\x4e\x05\x15\xad\xe5\xa5\xd0"
	"\x35\x29\x4f\x74\xc6\xef\xc0\xd1\x2c\x8a\x17\xf9\x76\x76\x1d\x6d"
	"\x49\x44\xfd\x15\x5d\x75\xfd\xb0\xe5\x41\xe2\x1e\x88\x73\xd4\x35"
	"\x70\x86\x4e\xbd\x5f\x00\x93\xe0\x57\xc0\xe1\x8a\xb6\xf6\xd0\xad"
	"\xb1\x59\x84\x38\xeb\xca\x06\x57\x8c\x72\x7c\xa9\xad\x4c\xc6\x93"
	"\x9c\x9c\x37\xc6\x37\x13\x73\x7a\x3f\x9f\x2c\xa7\x50\x51\x8e\xd8"
	"\xff\x2c\xe7\x18\x59\x0b\x16\xe7\x34\x11\xbb\xa8\xf1\x3c\x39\xc8"
	"\x0e\x19\xdf\xf0\x0e\x89\x94\x47\xf2\x4c\x5f\x8e\x09\x24\x53\xc9"
	"\x87\xf9\xf1\xdd\x12\xa1\x7c\xb0\xbf\x80\x09\xd5\xbf\xd2\xe6\x23"
	"\x6a\x43\x73\xed\x8c\x28\x59\x9d\xab\x26\x43\x29\xa6\x2d\x11\x42"
	"\x1f\x53\x26\x56\xf8\xfd\xb2\xc1\x31\x6f\x96\x89\x07\x36\x91\xfc"
	"\x1a\x8e\x10\x32\x98\x81\x66\x67\x4d\x57\x56\x16\xb1\x58\x77\x26"
	"\x16\x08\x43\xf6\x5d\x17\xc2\xe6\x44\x6c\x84\x90\xe7\x82\xc8\x70"
	"\x70\xd7\x83\x53\xb2\xf9\x15\xb0\x7a\xda\x21\x51\x7d\x6d\xa3\x6e"
	"\x8e\x8f\x69\x67\x3f\xb3\xe4\x43\x59\x44\x18\x49\x74\x00\x46\x12"
	"\xfb\x6d\x31\x0f\x1f\x92\xe8\xc8\x1b\xb6\x24\x47\x51\x3c\x93\xc6"
	"\x6b\x9e\x5d\x24\xdb\xf6\x90\x8d\x8f\xf3\xba\x4e\xbf\x6e\xaa\xc4"
	"\xef\x51\xeb\x8e\xcd\xd4\x86\x3e\x81\x13\x54\x9a\xa7\xc5\xfc\xd3"
	"\xe5\x46\x7c\xdc\x3e\xcc\x07\xc6\x50\x19\xf4\x9a\x02\x14\x26\x2e"
	"\xf6\x23\x88\x73\x2a\xa9\x4c\x6e\x6c\xd5\x0b\xaa\x5b\x5b\x64\x17"
	"\xce\x8d\x99\xe4\x30\x12\xac\x1d\x4e\x04\x27\x8f\x77\x05\x2d\xf3"
	"\x52\xcb\x72\x3c\xa7\x46\xfc\x5f\x4b\x0c\xe3\x4e\xe8\xee\x53\xc4"
	"\xa1\x81\x84\xd4\x27\xd7\xb7\xde\x9f\x50\x80\xd8\xc9\x6d\x1d\xc4"
	"\xf7\xc0\x40\x77\x11\x4b\x45\x39\xd2\xe3\xc2\xf1\x18\x4a\x3e\xed"
	"\xf7\x8e\xe7\x3a\xc4\x43\x11\xda\x78\xa9\xbd\xf4\x07\x2e\xc3\x6b"
	"\x90\xc5\x5b\x2c\x08\x1d\x90\x09\xe3\x6e\xb0\x4d\xf7\x56\xa0\xe3"
	"\xa3\x6f\xd9\xc7\x54\xc3\xea\xc3\x39\x74\xa7\xa1\xd7\x16\xdd\x8c"
	"\xf5\xe6\x0d\xd1\xbb\xcd\x45\x62\xa5\x5d\x45\x1f\x79\xfa\x3f\x42"
	"\xb0\x70\xeb\xd9\xed\x7d\x86\x5c\x3e\xdc\x90\x24\x2e\xc3\x30\xb0"
	"\xd6\xa0\x36\x26\x54\xc6\xdc\xc0\x45\x22\x2a\xcd\x50\x5b\x13\xa8"
	"\x0c\x7d\xff\x6c\x00\xa1\xee\x3c\x46\xf9\x9c\x7c\xc7\xda\x64\xa5"
	"\x01\xb6\x8b\x03\xdb\xda\x98\x98\x50\x45\xe7\x28\x57\xeb\x8a\xa7"
	"\x3d\x01\xcb\x6d\xb5\x7e\x28\x94\x00\xd5\x0d\x03\x2f\x9a\x3c\x9e"
	"\xda\xb7\x89\x84\xb6\xe0\x7c\xe1\xb9\x68\x00\xe4\xa3\x05\x4c\xfc"
	"\x22\x23\x67\x57\xd3\xa4\x32\x62\xd3\x84\x98\x91\x2e\xd0\xfd\x92"
	"\x74\xb8\x8f\x93\x72\x9a\x54\x91\x7b\x46\x63\x3a\x4d\x84\xeb\x31"
	"\x69\x80\x53\xa4\x69\x56\x90\x59\x25\xde\x91\xc9\xe2\xd9\xa7\x88"
	"\x39\xb8\x6c\xea\x76\x1e\x0d\xbd\x6b\x20\xa8\x50\xea\xf6\x41\x25"
	"\xaf\xcd\x9a\x7c\x76\xa8\x64\x32\xf2\xd9\x30\x4f\xcb\xf7\xda\x7c"
	"\x5a\x1d\x38\xcc\x8e\x48\x15\xf3\x3f\x5c\x67\x9c\x3e\xcc\xff\x45"
	"\x16\x83\x75\xf3\x8c\x8f\x15\xac\x7a\xb3\x9c\x4e\xe0\x88\x4f\xac"
	"\x2f\x40\x9c\x2a\x4a\x53\x2a\xcd\x6b\xb5\x8a\x2c\xab\x8a\xee\x05"
	"\x65\xa5\x92\xf7\x0d\xec\x34\x2a\x14\x51\x94\x99\x2b\x8f\xd0\x39"
	"\xb2\x24\xf5\x20\x4f\x05\x1a\xd7\x63\x69\x25\x29\x93\x1b\xc6\x1e"
	"\xd0\x7c\x09\xc4\xb2\x47\xa9\xac\x2e\xc9\x49\xd3\xb4\x8a\x8a\xad"
	"\x69\x63\x07\x3e\x16\xf9\x01\xf2\x28\x1b\x4f\x69\x4c\xdb\x49\x07"
	"\x9d\xd7\x97\xc4\x76\x88\xf8\xb3\x91\xe4\x9a\xd2\x73\x69\x20\xcb"
	"\x83\x05\x86\x83\x9a\x30\xb4\x2d\x2d\xd9\xd1\x93\x5d\x0d\xf9\xde"
	"\x41\x69\xbb\x3a\x44\x1c\x9b\xc8\x61\x49\x2c\x1b\x59\xb4\x24\x99"
	"\x51\xcc\x69\xa3\x94\x90\xf3\x83\x58\x6e\xf0\xaf\xb9\xe7\x20\xa1"
	"\x68\x7b\x72\x70\xd6\x54\xad\x3e\xa7\x78\xd1\x31\xa9\x32\xa2\xe1"
	"\xd8\x5e\xc6\x29\x41\xc9\x42\xcb\xd3\x7e\xde\x65\xef\xe9\xb3\xf7"
	"\x0c\xd9\xe3\x74\xb1\x53\x26\x38\x91\xe2\xb4\x24\x3a\x14\x2e\x3e"
	"\xf2\x69\x1e\xd3\x7d\x61\x20\x53\x13\x20\x7e\x67\xcc\xe1\x6c\xcc"
	"\x02\x47\x88\x99\xdb\xb6\x8e\xb6\x76\xee\x49\x72\x6e\xbb\x1b\xcb"
	"\x40\xc7\x65\x2b\x65\xa1\x85\x53\x0f\x31\x2f\xb5\x44\x7c\x1c\x0b"
	"\xbd\xcb\xde\x68\x7a\x16\x8c\xc2\xb3\xf0\x6c\x19\x01\x78\x11\xc7"
	"\xa2\xda\xdb\x8e\x8d\x0f\xe9\xac\xc8\x70\x09\xc9\xce\x81\x17\x78"
	"\x58\xf8\x4b\x29\x5e\x67\x2c\x58\x37\x90\x73\xe6\xf8\xf8\x84\x50"
	"\x46\xe7\x03\xbe\xac\x54\xb4\xac\x69\x9c\xe0\x74\x96\xb8\x8e\x8e"
	"\xba\x0d\xf4\x54\xdf\xd1\xac\x0c\x01\x2e\x72\x27\x4a\x42\xe7\x6c"
	"\xa4\x1b\xe6\x70\x79\x30\x5a\x70\x7c\xf8\x9c\xce\x68\xf8\x48\x41"
	"\x7d\x60\xa9\xca\x75\xff\x21\xfe\xa7\xbc\xfc\x9e\x78\xc0\x97\x72"
	"\x48\x3a\x61\x41\xd6\x31\xa0\x97\x60\xf6\x94\xc1\xde\x93\x7e\x48"
	"\xfe\x08\xbc\x89\x6a\x32\x57\x47\x1a\xbe\x5b\x24\x88\x95\x25\xa6"
	"\xc5\x34\x79\xb0\x63\x18\x51\x27\x15\x03\x42\x43\x6c\xcd\xf8\x02"
	"\x44\x44\x28\x79\xaf\x45\x04\x29\xad\x12\x2d\xe2\x40\x53\xcc\x8c"
	"\x4d\x2e\x6d\x51\x8c\xde\x20\x0e\x59\x94\x45\x6c\xa2\x1f\xf4\x08"
	"\xb0\x1b\x40\x4d\xb7\x06\xd0\x89\x08\xbd\xe4\x8c\xf4\x14\x2f\xa2"
	"\x29\x87\xc1\x6c\x6e\x08\x6f\xa2\xd1\xad\xe5\x63\x95\x5e\x6f\x9e"
	"\x77\x02\xd0\x08\x83\x48\x05\x3a\xc5\x04\x5c\xff\x73\xc4\xca\xaf"
	"\xd3\x23\xe1\xcd\x8e\x34\x49\xa0\x8e\xe2\x75\xc6\x4b\xd4\x1b\xa1"
	"\x7f\x82\xd7\x76\xaf\x97\xcb\xdb\xd3\xe3\xe7\xcb\x5d\x54\x36\x37"
	"\xbb\xf0\x97\x2f\x5f\x5e\xbe\x8e\xa0\xbd\x9d\x8a\xe2\x93\xff\x99"
	"\x8b\x38\x97\xfa\x71\xd6\x12\x5e\xe1\x75\x1c\x40\x9c\x50\x33\x86"
	"\xaf\xc0\x94\x31\x4d\x8d\xa8\xc4\x54\x1c\x65\x67\x18\x1e\xac\xd1"
	"\x2c\x85\x0e\xdc\x08\x05\x8e\x6d\xcd\xb9\xab\xc8\x6d\x8f\x0b\xcf"
	"\xf0\x8c\x67\x21\x03\xfd\xeb\x1e\x21\x38\x78\xe6\xc3\x5b\x21\x7d"
	"\xab\x7b\xd4\xac\x9a\xea\x6a\xcc\xae\xe0\x16\x6d\xb9\x16\xc9\xe2"
	"\xa3\xc2\xb3\xab\x1e\x6f\xee\x9d\x51\xb6\xfa\x96\x03\x36\x2f\xee"
	"\xb5\x80\x22\xae\x0a\x1a\xaf\xaa\x5e\x37\x2d\x8a\x7d\x82\xff\x8b"
	"\x70\xb1\xaa\x14\xf9\x2f\x7f\x43\xce\xdb\xd0\xd7\xa8\xe6\xcb\xef"
	"\xb6\xba\x0d\x86\x1a\xfe\xab\x55\xeb\xbe\xf9\xef\xaa\xd6\x7f\xa7"
	"\x3c\xc7\xc4\xbe\x92\xb7\xc5\xc6\xbc\x1d\xab\x77\x1a\xbb\x22\xe7"
	"\x5d\xf2\x50\xe4\xaa\x68\x23\x0b\x21\x57\xe4\x89\x82\xd3\xc0\xf9"
	"\x15\xf8\xa4\xe2\xff\x05\x53\x66\x9e\x8d\xd7\x94\x83\x78\x4b\x5e"
	"\x23\x8a\x51\x11\xbb\x98\x6f\xfe\xeb\x52\x54\xe5\x31\xc9\x12\xf0"
	"\xd2\x10\xb8\xb6\xd8\xe2\x47\xf0\x73\x45\xa3\x14\xfa\xc7\x64\x4e"
	"\x80\xdb\xa4\x36\x21\xd5\xf2\x84\x68\x92\xcb\xae\x38\xeb\xa9\xd7"
	"\x87\x1d\xd6\x4f\xd0\x19\x6c\xbc\xe5\x1d\x7a\x55\xdd\x25\xd2\x31"
	"\x14\x1c\xc3\x25\x86\xd4\xcf\xac\x9f\x76\x64\xc1\x7f\xe3\x58\x83"
	"\x51\x7f\x02\x41\xca\x1a\x33\xb1\x9c\x67\xcb\x08\xcd\xb4\x0d\x3e"
	"\xd5\xfc\xea\x16\xad\x66\xcf\x4f\xaf\x2f\x97\xcf\x97\xa7\xef\xaf"
	"\x7d\xec\xa5\x9a\x09\x2d\x1c\xd4\x82\xee\xfd\xd7\xed\xa5\xcc\x82"
	"\x27\xe7\x5a\x3a\xa2\xc0\x56\xaf\x0f\x67\x78\x8d\xa3\xa9\x31\xbc"
	"\xa3\x24\x57\x5d\xb4\x2f\x21\x4e\xa2\x65\x24\xa6\xe1\x8b\x7b\x06"
	"\x91\x4a\x4b\xa5\xba\x13\x6d\x37\x6d\xf7\xb9\x56\x14\x63\xd2\xd8"
	"\x1b\x8d\x76\x7a\x03\x05\x36\xea\x95\x7c\x01\x34\x0d\x1c\x00\x6e"
	"\x2c\xcb\xd1\x83\x8e\x9e\x6d\x79\x26\x88\xef\x1b\x21\x81\xed\x1a"
	"\x21\x9e\xa9\x2e\xbe\x1b\xea\x27\x71\x39\x8c\x1d\x7d\x49\xbb\xba"
	"\xe5\x51\xa1\x85\xc8\xb9\xc7\x75\x56\x60\xdc\x15\x18\x6f\x05\xc6"
	"\xd7\xc8\xa4\xc2\x9d\xfc\x8d\xe4\x39\x99\x67\xaa\xa8\xc0\xf8\x66"
	"\xc1\xe9\x70\x6b\xf2\x0a\xcc\x98\x8d\x6b\xc4\x04\xbe\x11\xb2\xb1"
	"\xcc\x90\x75\x0d\xdb\x98\xc7\x03\xc0\xce\xe7\x70\x4d\x76\xae\xed"
	"\x1a\x6b\xe6\x4e\xbd\x7f\x2f\x01\xf3\x68\x5b\x37\x92\xef\x66\x86"
	"\xfc\xc5\x12\xe4\xd8\x8e\x9e\x81\x09\xdf\xd8\x06\xd9\x4b\x78\xe8"
	"\xda\x81\x11\xe2\x98\x99\xd2\xc3\x4c\x3c\xde\xd7\x2c\x30\x4c\x74"
	"\x34\xcf\x8b\xb6\x3a\x8a\x05\x3c\xd0\xf0\x0f\x57\x87\x7a\x65\x4f"
	"\xdf\xf0\x55\x1a\xa1\x4a\xd3\x51\x83\xb6\x58\x90\xee\x31\x28\xd0"
	"\x77\x29\xe3\x62\x87\x60\x07\xed\x7d\x14\x0f\xfe\x8c\xb5\x78\xb1"
	"\x93\xb0\x83\xd0\x36\x62\x36\xdb\xb3\xb1\xf7\x06\x9c\xa9\xfb\x04"
	"\x4e\xc8\x4b\x48\xd6\x64\xd8\x01\x57\xe4\x28\x38\xfc\x73\x4d\x86"
	"\xff\xcf\xd9\x95\xf5\x36\x8e\x6b\xe9\xbf\x62\xcc\x53\x37\x30\x3d"
	"\xb0\x25\xcb\xcb\xbd\x98\x07\x89\xa2\x6d\xb6\xb5\x45\x94\xbc\xd4"
	"\x8b\x91\x4a\x5c\xa9\xa0\xb3\x21\x49\xdd\xdb\x99\x5f\x3f\x3c\xd4"
	"\x62\x49\xe4\x21\x3d\x83\x06\x3a\xe5\x73\x3e\x52\x5c\x0e\xf7\xb3"
	"\x48\x9c\x2d\x3f\xd8\xce\x59\x24\xba\xda\xf1\x59\x21\xf3\xb9\x7d"
	"\xeb\xb9\x2e\x22\xcf\x74\x9f\x23\x41\x2c\x5f\x55\x9b\xc6\x2b\xb6"
	"\x02\x57\x1c\x26\x79\xec\xcc\xc6\x8e\xbd\x6c\x35\xce\xd6\xb0\x02"
	"\x37\xf5\x66\x66\xf1\xe5\x85\xef\x3a\x07\x2b\xc4\xb3\x34\x44\xc1"
	"\xc4\x7e\xcf\x7c\xab\x50\xf8\xdc\xf1\x2c\x6b\x90\xc0\xa0\xf1\x89"
	"\xba\x98\xf9\xe4\x60\xc7\x38\xe6\x32\x17\x2b\x7f\xb9\x98\x2f\xcd"
	"\x98\x68\xe7\x3a\x63\x9f\x11\xc7\xb5\xb6\x76\x17\x6b\xeb\xc1\x16"
	"\xeb\x4e\x0e\x87\x2b\x91\x16\x1c\x77\x7d\xc7\x99\x53\x23\x68\x1f"
	"\x8b\x39\x6f\x6c\x85\x58\x36\x59\x12\x32\xb5\x42\x16\xd6\x0f\x61"
	"\x41\x4b\xbb\x10\xc4\xca\xa0\x0b\x71\xed\xb9\xb8\x73\x2b\x64\x6a"
	"\xcf\xc5\xb3\xd7\xc8\xb3\x36\xdd\x7c\x6e\xcf\x65\x3e\xb3\x41\xc0"
	"\xb1\xa3\x4d\x20\x6b\x98\x4d\x16\xe1\xf6\x6a\x6c\x2d\xf6\x72\x36"
	"\xb6\x43\x1c\x2b\x64\x3e\xb5\x43\xac\x3d\xbe\x5c\x98\x77\x47\xdf"
	"\xe4\x65\xe8\x72\x96\x39\xe6\x02\x25\x7e\xb9\xf0\xa6\x63\x2b\xc6"
	"\x76\x95\x25\x31\x96\x11\x51\x64\xbe\x38\x26\x8d\x7d\x43\x89\xa4"
	"\x99\x82\x54\xec\xb0\x61\x38\xf8\x93\x32\xe1\xaa\x35\x49\x5a\x08"
	"\x5e\x0f\xd4\xe5\x5a\x3d\x0a\xb1\x50\x8d\xf4\x20\x88\xdd\x2d\x9a"
	"\xf8\x79\x0a\xfc\xa2\xa0\xf9\x11\xdc\xbe\xd3\x64\x5d\x6c\x74\x61"
	"\xb7\x59\x98\xfb\xfb\x8e\xc3\xbd\x2a\x9b\x4e\x26\xf5\x53\x44\x7b"
	"\x65\x00\xc6\xd5\xb7\x4f\xb2\x0c\xca\x39\x1d\xf0\xfe\xb4\xa0\xd2"
	"\x77\x4d\xaf\x28\x3e\x21\x65\x91\x96\x04\x29\x83\xe0\xe7\x5d\xbf"
	"\xf2\x2d\xe9\xb4\x5a\x0d\xa8\x59\xd6\x0f\xf0\xdc\x12\x99\xfe\xe9"
	"\x51\xf2\x39\x62\xa5\x26\x99\x25\xbc\x93\x21\xe5\x0a\x68\xb4\x65"
	"\x89\xd2\xb0\xb4\x48\x33\x51\x34\x24\x11\xd9\xd0\x5c\x9a\xda\xf6"
	"\x68\x4c\xfc\x3a\x0e\x73\x22\x69\xce\x7d\x96\x23\x19\x65\x79\x1a"
	"\xb2\x2d\x3d\x72\x25\x99\x74\xa3\x82\x56\x89\x64\xce\x44\x7b\x6b"
	"\x28\x99\xc7\xe6\xcd\xa8\x43\x14\x52\xb0\x4e\x93\x9c\x75\x5d\xed"
	"\x5d\x68\x4a\x2f\xd0\x98\xab\xb4\x88\x92\x34\x1e\x96\x94\x46\x29"
	"\x52\x0e\xfa\x4d\xd4\x6c\x08\x5f\xd3\x38\x60\xc8\xf8\x90\xfc\x95"
	"\xd6\x39\x00\xb0\x36\x69\x54\xd0\x6d\x2f\x43\x49\x19\xf4\x53\x3f"
	"\xbb\x62\xb6\x70\xb1\xd6\x17\xc5\x93\x22\xdb\xaf\xe6\xf6\x48\xfb"
	"\x84\x92\x44\xe9\x9a\x91\x3e\x71\xef\x47\x42\x44\x06\x23\xe9\x98"
	"\x2b\x46\x44\x40\x67\xc4\x47\x9e\xc5\x25\xb7\xa0\x48\xf9\x8a\x3d"
	"\x4b\x36\x7e\x32\x28\x1e\x4d\x38\x13\x83\x3d\x1d\xd0\x23\x92\xa5"
	"\xfb\xbe\xd2\x9b\x24\x53\xbc\xad\x23\x9a\xa4\x3b\xac\xf7\xa0\xce"
	"\xf5\x40\xd7\x50\x4f\xe1\x9f\x08\x43\xfc\xe8\x5a\x74\xb5\xf4\xae"
	"\x34\x01\x11\xbc\x09\x46\x34\xf3\x43\x47\x61\xad\x97\xd3\xb1\x42"
	"\xdc\x6f\x28\x58\x16\x0f\x85\x52\x5a\x22\xc6\xe9\xc0\x63\x64\xc5"
	"\x39\x4a\xc5\x72\xa4\x7e\x31\x83\x88\xe4\xe9\xaa\x18\xe4\x97\x82"
	"\x5f\x3f\x3a\x18\xdc\xd2\x6c\x4a\x23\x2b\x09\x3c\xd1\x27\x61\x3a"
	"\xfc\x76\x52\x30\xe4\xb3\x49\x91\xb3\x75\x3f\x93\x34\xaf\xc4\xba"
	"\x3b\x2f\xf8\x09\x18\x3d\x45\x69\x1e\xf6\xb4\xd0\x1b\x62\xd5\x0c"
	"\xbd\x4f\x66\x34\x11\xcd\xa0\x35\x4f\xab\xd8\xe2\x0c\x7c\x4c\x06"
	"\x53\x70\x26\xe6\xac\x88\x28\xeb\x4a\x4d\x3e\xad\x02\x54\x76\x1a"
	"\x88\xd6\x48\x59\x8b\xc4\xcc\x81\x7b\x18\x1a\x72\x2b\x88\xe0\xd3"
	"\x69\xe4\x83\xcf\xc7\x84\x91\xc1\xec\x07\x0f\x96\xbc\x68\x06\x67"
	"\xd3\x9e\x17\xa2\x22\x56\xd2\x9b\xc2\x61\xd8\x2e\x39\x58\x56\x86"
	"\xd8\x70\xcd\x53\x42\xfc\x81\x38\x89\xb9\x5f\xe9\xdc\xcb\x7b\x6e"
	"\x97\x58\xad\x1d\xad\x22\x6f\x72\x54\xca\xc4\x33\x4a\xc1\x3d\xc0"
	"\x76\x58\x2c\x5e\x50\x3f\x46\x9b\x4d\x70\xc5\xc0\x11\x4b\xbc\x36"
	"\xfe\x90\x44\x94\x49\x16\x95\xca\x1a\x94\xc7\x98\x10\xaf\x73\x4a"
	"\x13\x9f\xb3\x8e\xd9\x51\x4b\x52\x8b\x1d\xfb\x79\xf1\x67\x7a\xac"
	"\x3f\xd1\xd4\xb0\x43\x55\x92\x14\x6c\x97\x0e\x28\x69\xc6\x45\xed"
	"\x87\x45\x2c\x36\x62\x2a\xc4\xd6\x8b\x62\x93\x97\xbc\x88\x7d\x5e"
	"\xf4\xa7\xc5\x2e\xdd\xb4\x76\x94\xb0\x73\x3a\x65\xdc\x45\xf2\xdf"
	"\xfb\xd5\x72\xd8\x25\x31\x16\xa7\x85\x32\x15\x1d\x98\x18\x9b\x48"
	"\x2e\xdf\x68\x9e\x0e\x5b\xbf\xa1\xe1\x3b\x90\x6f\xc7\x50\x6c\x9f"
	"\xd4\xa5\xa6\xf6\xad\xbb\x29\xf1\x91\xeb\x47\x19\x26\x08\xe9\x2e"
	"\x1f\x34\xbb\x24\xc8\x7d\x21\x84\xdf\xd6\xee\x4b\x2b\x55\x1d\xcd"
	"\x1c\x12\x6a\x1d\xc5\x4a\x70\xa5\xd4\x5d\x39\x3a\x11\x87\xaa\x7e"
	"\xbe\x97\x90\x6a\x0e\x01\x30\x92\x4d\xba\x21\x0c\x4c\xd8\x0a\xb1"
	"\x3f\xaf\xfc\x34\x74\xdd\x4a\x07\xaa\x3d\x8c\xd4\x4b\x52\xfc\x4f"
	"\x83\x6d\x38\x2c\x5b\x3e\x3f\x6d\xba\x86\x8d\x3d\x7d\x29\xa9\x2b"
	"\x44\xd8\x20\x5d\x92\x88\x09\x97\xd0\x53\x42\xf7\x4d\x5c\xb7\x36"
	"\x6e\x5b\xcf\x45\x21\xb4\x9d\xe2\xc0\x45\xfa\x0b\xad\x1c\x54\x37"
	"\x56\xb4\x43\x67\xa3\x7d\x9d\x74\xd4\x69\x67\x5a\xac\x4d\x3c\xf0"
	"\x79\x53\xd0\x88\x21\xc6\xac\x0d\x2a\x88\xe4\x54\xce\x0b\x54\x7a"
	"\x00\x09\x33\x34\x18\xdb\x83\x55\x22\x10\x50\xdd\x28\xe9\x4d\x14"
	"\x51\x2f\x00\xde\x5e\x76\x47\xe0\xaf\x94\xd3\x8f\x94\xb4\xd7\x8f"
	"\xcf\xc6\xb7\xfc\x13\xb8\x56\x51\xdd\x53\xc8\xf4\xb3\xf9\x61\x3c"
	"\x86\x8e\x43\x84\xe4\x00\x42\x32\xec\xd7\x8a\xaa\xf4\x67\x45\xad"
	"\x6d\x85\x86\x5d\x41\xeb\x8c\xf0\x26\x3c\x94\xce\x64\xbc\xc9\x8c"
	"\x20\xc6\xb3\xc9\x64\x76\xb0\x62\xdc\x99\x63\xc4\xac\x44\x87\x81"
	"\x62\x91\x09\x23\xd6\x2f\x77\xea\x4c\xcc\x85\xb6\xd5\xaa\xb4\x01"
	"\x78\xb4\x98\x98\xbf\x91\x2f\xfc\xd9\xcc\x5b\xce\x8d\xa0\x4d\x6d"
	"\xcc\x27\x75\x30\xb5\x12\x51\x39\xd7\x19\x91\xa7\xdb\x8f\x0f\xf5"
	"\x60\x2a\xc7\x63\x57\x83\x4e\x8e\xd8\x5c\x3a\x69\x1e\x76\xe5\x3e"
	"\x8c\xd1\x72\x14\x31\x51\xbe\x9e\x88\x19\xfd\x1f\x23\x59\xd9\x22"
	"\xcd\xc1\x67\xc6\xfd\xf9\x0d\x1c\x56\x82\x67\x51\x0e\xd1\xc5\xbe"
	"\xff\xfa\x1c\x05\xd1\x16\x26\x81\x13\x0f\x47\xcf\xb7\x5f\x8d\x7e"
	"\xdc\xed\xd3\xc7\xeb\xe8\xfb\x79\xf4\x72\x3e\xdf\x9f\xef\xff\x29"
	"\x32\x3d\xf7\x72\xda\x9c\x9f\xde\xa4\xae\xdc\x33\x44\x77\x7c\x7c"
	"\xf9\xf1\xda\xaf\x53\x8d\x1b\x56\xa1\x26\x1b\x2c\x41\xba\x28\x38"
	"\xfe\x8a\x5d\x88\x15\x07\x86\xc4\x2b\x3f\xb0\xe2\x56\x62\xad\x27"
	"\x69\x6c\xc5\x31\x0e\x1a\x9a\x56\x98\xf8\xb7\x5f\x58\x51\x3c\x0c"
	"\xf3\xf1\xf2\x2a\x18\x12\xc2\xb8\x0b\xfb\xb3\x8c\x33\x08\x1b\x69"
	"\x05\xfa\x91\x5f\x86\xbe\x15\x96\x26\x54\xb9\xfd\xd0\x02\xb7\x7e"
	"\x1e\xdb\xb3\x6b\xfc\x15\x8b\x0e\x21\xf6\xfe\xa0\x89\x68\xc4\x60"
	"\xe6\x78\x78\x5b\x97\x3e\xd7\x8e\x2a\xf6\x7c\xfb\xf0\xf8\xf2\xd0"
	"\x71\xde\xdb\x9f\x43\x42\x62\x72\x77\x2d\xcf\x50\x06\xc9\x62\x99"
	"\x62\x88\xd6\x4f\x2f\x87\x7e\x98\x13\x6d\xd9\x92\xd7\xcf\xc7\x1f"
	"\x5f\xa3\x1f\x55\x98\x87\xc1\x60\x97\x5e\xfe\x5b\x8b\xdc\x0e\xa3"
	"\xf6\x22\x27\xf6\xf6\x5d\xc3\xb6\x96\xc3\x86\xd4\xca\xfb\x64\x28"
	"\x8e\x47\x4c\xac\x6d\x70\xd4\x1c\x6c\x23\xda\xa1\x56\x0c\x82\xd9"
	"\xc8\x62\xc4\xc5\x45\x7d\x12\xec\xd5\x90\x75\x08\x8c\xc5\xf3\xc4"
	"\x8f\x4c\x45\x96\x06\x63\xca\xf7\x65\x45\x5b\x4d\xb3\x36\x3c\x60"
	"\x17\x21\x36\xa9\x7e\xee\x0f\x26\x3f\x39\xf5\x81\x02\xf5\x29\xca"
	"\xc0\x61\x9a\xba\xbb\x80\x38\x9b\x6d\xa3\x08\x0a\xb8\x27\xb9\x21"
	"\x48\x05\xaa\x7b\x4b\x0a\xf7\x11\x84\x86\x75\x6b\x48\x3b\x3b\xa5"
	"\x49\x64\xfc\x05\x70\x35\xa7\xed\xf7\xf5\x96\x01\x0c\xf9\x4c\x6d"
	"\x4e\xbd\x17\x05\x4a\x33\x91\x3b\xfb\xd6\x1c\xda\x5a\xb1\x28\xbe"
	"\xde\xce\x64\x14\xdf\xbe\xdc\x3e\x80\xdb\x67\xe9\x26\x6e\x20\x1c"
	"\xc5\x31\xa3\xf0\x50\x9c\xf8\xb0\x4b\x41\xfa\x7d\x4f\x5c\x65\xbf"
	"\x25\x68\xb2\xfc\xb8\x83\x77\x40\xac\xfd\x70\x4d\xb1\x9e\x96\x88"
	"\x10\x3c\xa8\xe4\x69\xd4\x06\x72\x6c\x7d\xff\xad\x9f\x7e\x9d\xeb"
	"\xdd\x4c\xe3\xfe\x7e\xb0\x25\x84\xf4\xc3\x28\xa7\x2d\x23\x5d\x5d"
	"\xbc\xeb\x0c\x0b\x86\x3b\x85\x27\x1b\x26\xb6\xe3\xd4\x37\xee\x39"
	"\xe6\xb3\xb1\x76\x18\x42\x11\xf5\x0b\x6e\x65\x8e\xa7\xac\x4d\x95"
	"\x91\x9e\xa0\x70\xd1\x00\xf8\xe4\x55\xc1\x4c\x06\xcb\x1d\x58\x55"
	"\x69\x1b\xca\x67\x39\x01\x6f\x7f\x56\x5c\xbe\x75\x27\xc8\xcb\x76"
	"\x07\x56\xdd\x0d\xdb\x50\x64\xe3\x22\x4f\x59\x1d\x90\xdc\x82\x6f"
	"\xa8\x69\x9d\xab\x80\xa0\xad\x00\x97\xe9\x34\xa2\xc6\xad\x75\xf3"
	"\xf1\x4c\x6c\x03\x0f\x56\x54\xbd\x9c\xc4\x0b\x1b\x92\xc6\x83\xe0"
	"\x13\x2a\x64\x55\x84\x4c\xf4\x47\x8a\xf4\xfb\x8e\x0d\x5c\xfa\xe8"
	"\x40\x2c\x43\xac\x43\xba\x18\x6b\x2e\x54\x0c\xc3\x6b\x1a\xa9\xc1"
	"\x9d\x90\x29\xa9\x5b\xb9\xc5\xc4\x71\x9d\x2b\x50\x9e\x6b\x6d\xf5"
	"\xb5\xf4\x1e\x66\x6f\x8a\xbd\x15\x52\x96\x36\x08\xbc\x21\x64\x7e"
	"\x72\xca\x4c\x7b\x95\x1e\xd4\x0a\x8b\xb8\xb5\xb5\xb6\x69\xc0\xc4"
	"\xd8\x24\xd6\x1e\x88\xc5\x5a\x51\x5e\xd1\xb0\xd2\x75\x99\x15\x94"
	"\xf2\x39\xa6\x6b\x30\x80\x2d\xa6\x76\xd8\xa1\xbc\x46\x86\x12\x7f"
	"\x17\xfb\x89\x79\x64\x64\x91\xe3\x8e\x5d\x64\x5c\x88\x45\x68\xb6"
	"\xf0\xac\x03\xf0\x86\xf8\xa5\x55\xb2\x6e\xc4\xf2\x02\x37\x19\xd6"
	"\x59\x33\x23\xd9\xe2\xe0\x59\x61\xfe\x8a\xda\x27\x60\xf0\x33\xbd"
	"\x67\xb9\x98\x98\x38\xb7\xa2\x8f\x71\x90\x46\x36\x94\x7d\x38\x4a"
	"\x3f\x91\x7f\x62\x5e\xd8\x3b\xc0\x83\x98\xf9\x53\x6b\x7b\xc0\x96"
	"\x22\xb5\x4a\x7e\x1a\x27\x2c\xa1\xc5\x35\x99\x11\x7b\x6e\x07\xb8"
	"\x92\x3b\xc5\xd6\xec\xf6\x8c\x6f\x82\x34\xb1\x77\x04\x2f\x27\x63"
	"\xab\x54\xdf\x14\xd6\xb1\x56\x66\xe1\x7c\xb1\x1a\xcf\x5d\x6b\x66"
	"\xca\x29\xb3\xdd\x1b\xf4\xaf\xb9\xee\xf5\x97\x34\x34\x66\x33\xbc"
	"\x34\x82\xeb\xe0\x2b\xb1\x1f\x96\x85\x71\x3c\xec\x38\x5d\x1b\x2e"
	"\xab\xd6\x69\x01\x9b\x49\x1c\x61\xb8\x93\x68\x56\x4d\x72\x9c\x93"
	"\x99\x6b\x80\x49\x27\xde\xf8\xde\x2a\x94\xcf\x53\xf8\x5d\x0e\xac"
	"\xa7\x34\x32\xcc\xc8\xf2\xf5\xdb\xe4\x8f\x4f\xd6\x04\xaf\x48\x91"
	"\xc3\xa6\x7d\xc7\x82\x1c\x02\x35\xe0\x05\x4d\xf7\x7e\x9e\x33\x03"
	"\x02\x75\x88\x57\xdd\x90\x55\x3e\xa6\xc5\xee\x7f\xc5\x0e\x70\x4c"
	"\x31\x6c\x37\xe1\xc5\x68\x85\x2f\x7c\x47\x91\x1a\xef\x75\xfa\x4d"
	"\xb6\xdb\x01\x17\xaa\x4d\x19\xc0\x5f\xc7\x9b\x1c\xf0\xe3\xf3\x86"
	"\x33\x88\x67\x17\xb8\xde\xd8\xb5\x82\xa6\x33\x44\x0b\x56\xb6\x3d"
	"\x4b\xb6\xd5\x89\xd3\xdc\x44\x64\xe3\xa7\x5c\xac\xbf\xda\xb1\x94"
	"\xfd\xfc\xfa\x78\xbc\xbb\x7d\x1a\x45\xb7\x5f\xe2\x70\x80\x0c\xa6"
	"\x41\x50\x50\xf5\xae\xd7\xdf\xd2\xa1\xa3\xae\x16\x94\xa4\x59\x75"
	"\xd3\x49\x28\xdb\xa1\xd9\xc8\xe8\xa8\xbb\xa0\xe4\xe6\x2b\xca\x31"
	"\xbe\xe9\x2d\x23\xad\x93\x37\x99\xb9\x3c\x3b\x0d\xd7\xc8\x8a\x6a"
	"\xb9\xce\xea\x82\xc0\x7d\xb4\xf6\x3d\xab\x03\x84\x2a\x9c\xa4\xf6"
	"\xcb\x72\x3c\xd6\xf0\x9b\x93\x7d\x52\xc6\x10\xca\x61\x05\xae\x4c"
	"\x9c\xce\x27\xaf\x3d\xc9\x80\xf7\x97\xea\xe7\x0a\x2d\x11\xd8\xc1"
	"\x80\xad\xe1\xf0\x05\x41\x12\xdb\xe3\x3d\x98\xfb\xa6\x9c\x15\xca"
	"\xe9\x6e\x08\x8c\x8b\x0c\x3b\x7e\x96\x89\x2e\x60\xa1\xbc\x88\x4d"
	"\xc4\x1c\x52\x3d\x65\x67\x10\x0a\xa3\x10\x6b\x4e\xb1\x39\x61\x4e"
	"\x71\xe4\xcd\x04\xb9\x84\xaa\x8c\x8b\xb2\xf6\x85\x3a\x38\x97\xc6"
	"\xf0\x7c\x01\x77\xe6\x30\xcb\x48\x2f\x81\x58\xf1\xab\x12\x84\x7b"
	"\x78\xc1\xf6\x23\x19\x2f\x50\x3f\x14\xce\xef\x8f\x6f\x3f\xcf\xef"
	"\x62\x30\x5c\xde\x00\x86\x23\xa1\xb9\x03\x2f\x43\xfc\xf4\xb8\xce"
	"\x8d\xec\xe6\x6a\x1a\x05\x64\x07\xdf\x99\xe3\x13\x51\xbc\x33\x66"
	"\x0f\x6c\xd7\x70\x75\x9e\x64\x90\x5c\x3e\x39\xe0\x79\x40\x01\xf1"
	"\x89\x2e\x80\x90\x9c\x86\x22\xf8\x71\xe8\x79\xee\xcc\x04\x11\x5b"
	"\x1d\xc7\x99\x3b\x66\xfe\x02\xdf\x24\xac\xd3\x2d\x7e\x3c\xa1\x6b"
	"\x67\x5c\xd8\x46\xf4\x81\x89\x09\x14\x6f\x65\xe9\x4f\xc8\xf0\xc6"
	"\x13\xb1\xa0\x3b\x70\xba\x22\xa2\xbe\x09\x94\x97\x5b\x8b\x1e\x95"
	"\xd6\x4e\x66\x7b\xa9\x93\x61\xea\x55\x25\xc2\x43\xe2\x4a\xa1\xf4"
	"\x5d\x60\xd5\xb4\x22\x1b\x92\x32\x95\x54\x5d\xb4\xf1\x9c\xa8\x55"
	"\x51\x48\xe2\x47\x72\x99\x51\x7b\x2c\x38\xed\xa7\x7a\x66\x33\x57"
	"\x29\xf7\x81\x35\xbd\x6e\x21\xa4\xb5\x5b\x54\xd5\xb4\xfa\x1c\xd2"
	"\x80\x1e\x6c\xe9\x13\x43\x7a\x4a\xf0\xfd\x54\x17\x04\x91\xf6\x38"
	"\x7a\x15\xd7\x22\x9b\x4e\x43\xf2\xa1\x57\x7c\x2c\x06\xcf\x7b\xcd"
	"\xab\x8d\x15\xbd\x3a\x45\xe0\xd5\xd1\x56\x2e\x55\x72\x3a\xac\x10"
	"\x6f\x1e\x21\x0c\x61\x60\xcf\x5c\x11\xb8\x0e\x2f\x33\xf0\x50\xb1"
	"\xea\x60\xae\x90\x2f\x9d\xcc\x76\x79\x7a\x41\x6f\x11\x25\xdd\xd1"
	"\x64\x90\xb5\xb2\x84\x19\x9a\xa8\xf4\xc9\xe4\x9a\x9e\x02\x9c\x29"
	"\x94\x91\x0a\x77\xae\x68\xfa\x6a\xfc\x63\x99\x6c\x58\x78\xd5\xb7"
	"\x76\xe4\x1a\x58\xfd\xce\xa9\x5f\x4a\x5f\xff\x2d\x23\x93\x3c\xc1"
	"\x6e\xf2\x4b\xc6\x7d\x84\x0b\xf4\x3f\x34\x46\xb8\xf2\xd6\xbc\xa7"
	"\x28\x23\xaf\xd1\x4b\x62\xb8\x08\x82\x27\x13\xd0\x06\x30\x6e\x05"
	"\x4f\xe8\x5e\x72\xaf\x93\xe2\x38\xee\x88\x44\x0c\x61\xc6\xeb\x1d"
	"\x08\x2f\x7a\xaf\x23\x10\xa3\x8c\xde\x88\x03\x64\x17\x5f\x13\x95"
	"\xa0\x8d\x22\x9b\x60\x10\x10\xaa\x21\x81\x16\x06\xcd\x73\xda\x84"
	"\x03\xd2\x41\x6a\xaf\x80\x8b\x8e\x32\x37\x48\x6f\x89\xf9\x52\x82"
	"\x94\xe8\x51\x00\x98\x34\x0e\x68\x18\x8a\x6f\x72\x2c\x1c\x2c\xa0"
	"\xe0\x5d\x27\x91\x1b\x3f\x70\x1d\xc5\xf0\xec\x48\x7e\xcc\x8a\x54"
	"\x0d\x6b\x2a\xc3\xea\x56\x91\x75\xaf\x50\xa9\x80\x9c\x0c\x21\xe8"
	"\x62\xb0\xf4\x8f\xc5\x1f\x86\xf2\x79\xb8\x31\x70\x0b\xb6\x8a\xe1"
	"\x81\x1c\x4d\x9d\xe1\x69\x49\x30\x47\xac\x02\x80\xbb\x83\xa8\xab"
	"\x61\x1c\x13\x3c\xbd\xbf\x63\x62\xa3\x5f\x6c\x4a\x08\x43\x76\xd0"
	"\xcb\x9d\xd8\x9b\xf6\x7b\x3f\xdc\xc3\xf9\xdd\x27\x0a\x75\x36\x0d"
	"\x18\x9c\x45\xb8\xca\xca\xa2\x62\x15\x2b\xd4\xe1\x93\x4e\x4d\x1e"
	"\xc6\xf1\xaa\xa8\x62\x37\x2d\xb6\xd2\xae\x03\xdf\xe0\xab\xfc\x94"
	"\xf7\x43\xdb\x75\x73\x3c\xad\xe2\x0c\xad\xb4\x40\x6d\x5d\x13\x37"
	"\x33\xf4\xd6\xae\x0c\xdc\x31\xde\xe4\x25\xdf\x10\x03\x33\xdc\xb0"
	"\x59\x9e\x46\x78\xfa\x22\xe5\x1b\x16\xf8\xc6\x22\xc4\x88\x17\x4c"
	"\x29\x2c\x79\x86\xc4\x08\x8d\x69\xcc\x0b\xa6\x75\x56\x0d\xaa\x5a"
	"\xa0\xc2\xd4\xd1\x2d\x06\x85\x26\xe9\x58\xb7\xe7\x1f\xb9\xa5\x9e"
	"\x14\x25\xe2\x3e\x28\xc8\xe1\x2e\x23\x81\x8b\xa2\xcd\xbe\x3e\x20"
	"\xa9\xa7\x1a\x50\xc3\xd6\x9c\xe8\x65\x0e\x9c\x66\x86\xec\x49\x3c"
	"\x73\x11\x9b\xac\x0b\xc0\x33\x00\xa2\xd8\xf5\x90\x3b\xbe\x86\x8f"
	"\x39\x0b\x90\xfc\x8c\xf8\x4b\xcf\x35\x00\x50\x2f\xba\x55\xf6\x99"
	"\xbb\x9c\x4e\xcd\x7c\xcf\x31\xf1\x3d\xcf\x99\x58\xf8\xae\x99\x3f"
	"\x33\xe6\xbf\xf0\xc6\xc6\xfc\x51\xf7\xc6\x97\xe6\x41\x3c\x0d\xb7"
	"\x80\x99\x6b\x00\x84\x62\x03\xe2\x4c\xf9\x18\x31\xb2\xaa\x32\x41"
	"\x3c\x36\x4b\x66\x4e\xd7\x65\x84\x5e\xed\x55\x52\x12\x8a\x23\x9c"
	"\xa9\x15\x0a\xd7\x5b\x1a\x5a\xb1\x20\xfe\xcc\x43\x1c\x1c\x57\x80"
	"\x88\x78\x4b\xcc\xb6\x52\x22\x62\xff\x30\x9f\xcf\xc7\xde\x29\x5f"
	"\x07\x66\x69\xf5\xfe\xc6\xf9\x8c\xbb\x93\x55\xe4\x4e\x96\x07\x2b"
	"\x66\xe0\xf2\x6f\x30\x0e\xa5\xd6\xd5\xf7\xa7\xc7\x97\xbf\x7e\x9b"
	"\xfc\x2e\xb7\x4a\x50\xae\xda\x5c\xe2\xd7\xcb\x3d\xbc\xcf\xab\xa6"
	"\x50\xa3\xdf\x2e\x6a\xc7\xbf\x2b\x23\x39\x80\x8b\x40\x43\x47\xf1"
	"\x23\xc7\x5e\x0c\x24\xbf\xe4\xda\x9b\x98\x2a\xad\x13\x67\xc1\xd8"
	"\x51\x26\xa9\x6d\x11\x3a\xb3\xa5\xa1\x6b\xeb\x84\xd5\xae\x59\xcc"
	"\xba\xa0\xed\x9a\x53\x3f\x37\x24\xa9\xf3\x54\x92\xb8\xda\xf6\x2c"
	"\xde\x1f\x1f\x1e\x7a\x3b\xc9\xae\x92\xa8\x3a\xad\x36\xda\xa3\xca"
	"\xc5\x93\x1e\x96\x8a\xb9\x15\xd3\xd4\xea\x01\x37\xa2\x84\x45\x80"
	"\xbd\xb1\xf7\xa0\x66\xab\x85\x1e\x94\x20\xe1\x28\x7b\x20\xf3\x14"
	"\xd8\xa0\x1a\x6d\xdf\xbe\x08\xc8\x76\x7c\x7c\xfb\xbc\xfd\xfe\x74"
	"\xfe\x18\x7d\x56\x8d\x79\x11\xc2\xe4\xfc\xf9\xe3\xf1\xe9\xb3\x55"
	"\x75\x19\xfd\x06\x6d\xfe\x79\xfb\xfe\x70\xfe\x54\x25\xb0\x6d\x5b"
	"\xb1\x6f\xe4\x0c\x0b\x88\xd5\xaf\xa0\x1f\x63\x9e\xab\x7a\xb8\xcc"
	"\x4f\x98\x4e\x3b\x88\xef\x59\xd1\xb7\x07\xac\x28\x78\xa3\xd4\x7c"
	"\x83\xcb\x2c\x50\x80\xe0\x9c\x05\x2c\x62\x48\x68\x33\x26\xfe\x9f"
	"\x88\xed\x83\x36\x42\x2f\x15\x53\xaa\xee\x16\x14\xe8\x1a\x78\x5e"
	"\x10\xb8\x44\xba\xec\x09\x80\xd0\x6c\x09\x3a\xa4\x0d\x11\x7b\x96"
	"\xa3\x9e\xd8\x78\xe5\xff\x8f\xf7\xcf\xbb\x4b\x28\x64\x00\x40\x4c"
	"\xe6\x74\x43\xfa\xa9\x6a\xe2\x20\x55\x5b\x50\x80\x60\x91\x9c\x80"
	"\x97\xec\xc4\x1e\xa7\xd1\x2d\x12\x84\xd1\xe3\x8b\x90\x90\x1f\xb7"
	"\xbd\xe8\x93\x00\x14\x07\xc3\x55\x1b\x94\x65\x48\x07\x85\x33\x0d"
	"\x79\xe0\x71\xbd\x4b\x3f\x95\x8c\x9e\x86\xbe\xd7\xfb\xa5\xce\x77"
	"\xca\xc1\xa7\xd5\xf3\x87\x92\x6a\x76\x41\x4d\x3a\x3f\x08\xbc\x6f"
	"\x14\x89\x58\x77\x01\x1d\x16\x88\xc6\x4b\x03\x09\x39\x1a\x4d\xa3"
	"\x0b\x41\x4c\xa3\x3b\x90\x19\x72\x2d\xda\x40\x36\xc7\x78\xe1\xcd"
	"\xcc\xe5\x15\xcb\xde\x6c\x89\x6c\xa3\x1b\x4c\xce\x3d\xe2\xce\x1d"
	"\xa4\xb3\x01\x01\x93\x38\x9f\x2c\x87\xfd\x02\x2c\xc6\xa3\x89\x33"
	"\x5e\x18\x3f\x50\x61\x1c\x73\x6d\x0e\x02\xe2\x19\x11\x19\x59\xa1"
	"\xce\x0a\x7a\x98\xf1\xec\x0a\xd0\x35\x98\x85\xa5\x71\xa7\x93\x62"
	"\x61\x6e\xdb\xe0\xc6\x45\xa2\x4d\xb5\x6d\x2b\xf6\xc7\x4b\x24\xea"
	"\x44\x83\x59\xc5\xa8\x9b\xa2\xb6\x13\x85\x5c\x4e\xac\x10\x0f\xf1"
	"\x32\xd3\xcd\xc5\x31\xf7\x02\x8d\xdd\xb1\x63\x16\xef\x7c\xb7\x58"
	"\x8c\xcd\x4d\xc7\x3d\x35\x16\x2f\x9c\xbf\x2d\x63\x14\x5a\x7c\x69"
	"\xef\x94\xe5\xd4\x3e\x42\x1d\x3b\xc4\xb3\x42\xa6\xae\x1d\x62\x9f"
	"\x0a\x96\x63\xfb\x18\x46\xf4\x05\xdb\x26\x5f\x62\x5e\xe7\x2e\x5d"
	"\x3b\xb5\xf7\xfe\x6c\x32\xb9\x62\xae\x98\x2e\xae\x98\x73\x1c\xdb"
	"\xf0\x72\x26\x96\xb1\x1c\x93\x6c\xbe\xf4\x90\x69\x49\xe3\xdd\x0f"
	"\xe4\x07\x6e\x18\xaf\x98\xeb\x43\xee\x62\xfa\x60\xfd\x12\xda\x04"
	"\x5d\xc8\xd1\xb2\x7f\x23\xdb\x57\xb8\xb5\x96\x63\xe2\x2c\x66\x36"
	"\x01\xf1\x26\x13\x2b\xc4\xb3\x4a\xe2\x6c\xe1\x9d\x56\x7e\xcc\xa2"
	"\xa3\x0d\x39\x9f\xda\x06\x87\x33\x1d\x9b\x87\x18\x2f\xb6\x93\x79"
	"\xe1\x5b\x04\x65\xba\x28\x2c\xb5\x07\x88\xeb\x59\x21\xde\xd2\x0c"
	"\xe1\xf1\xcc\xb1\x54\x2a\xb8\x99\x2e\x2c\x42\x9b\x67\x1e\xb1\x8c"
	"\x32\x10\x08\xf3\x08\xfa\x76\x4c\x6e\xfa\x77\x66\x52\x30\x5e\x5f"
	"\xfe\x80\xbd\x7e\x5f\x5e\x1a\x83\x46\x7f\x47\x21\xdc\x2b\xe4\xa1"
	"\x5b\x83\xb1\x48\xb0\xad\x28\x47\x63\xcb\xea\x01\x08\x73\xc5\x56"
	"\x85\xf8\x97\x6d\x85\xe1\xc9\x8e\x9b\x5b\x70\x3e\x50\xdc\x68\x1d"
	"\x8e\xf0\xf3\xcb\x87\x38\x12\x5b\xc6\x4b\xc7\xc8\x14\xce\x6f\xba"
	"\xb0\x9b\xb0\xaf\x6f\x8c\x21\x2f\x61\xd0\x5a\x2a\xa2\x4e\x26\x00"
	"\x6a\x00\x75\x41\x3c\x55\xfe\xd1\x3b\x5e\x2b\x04\x2d\xed\x99\xbf"
	"\x83\x75\x53\xee\x0b\x19\x5b\x87\x88\x6d\x8d\x1f\xc3\x45\x63\x34"
	"\x5e\x20\x41\x6f\xc1\xe5\x37\x96\x56\x7a\xe1\x97\xb7\xc0\x33\xfd"
	"\x88\x8b\xc5\xd6\x49\x34\xc7\x4e\xeb\xc5\xb7\xf1\x27\x2c\xab\xdf"
	"\xb5\x3d\x77\xdd\x31\x50\xbb\xf5\xa8\xde\xc1\x4f\x58\x41\x6a\x76"
	"\x25\xbe\x28\xea\x86\xa4\x31\xf4\x92\x68\xa5\x78\x8d\xa8\x1d\x5e"
	"\x30\xfa\x90\x75\x7b\xc8\x9d\x98\x78\x27\x5d\x2c\x03\xc8\x8f\x3c"
	"\x3d\x9e\x5f\x3e\x7b\xa2\xe3\xf3\x63\x42\x4e\x05\x5e\x31\x41\xd7"
	"\x1e\x19\x04\x3d\x28\x57\xaa\xe5\xac\xcc\x0f\x14\x80\xfa\x42\x21"
	"\xb0\xf0\x2a\x56\xf8\x42\x5c\xf2\x81\xec\xf5\x99\xca\x09\xe5\x02"
	"\x04\x9c\x38\x3c\xf7\xe3\xab\xf9\xe5\xc1\xa8\x7e\x87\x9c\x73\x77"
	"\x2b\x8c\xc1\x20\x4a\x61\x15\x3d\x49\xa9\xf5\xee\xf1\x5d\xd4\x57"
	"\x37\x06\x21\x19\x4b\xd1\x0b\xf3\x9a\x1d\xc7\x4c\xf3\x10\x04\x6e"
	"\x80\x3f\x5e\x7f\x7c\x8e\x36\x5f\x6f\xe7\xf7\x3f\x76\xa3\x87\x5f"
	"\xe7\x8f\x4f\x9d\xd5\xf5\xe6\x98\x51\x38\xc4\x71\x92\x0d\xde\xba"
	"\x9b\xe6\x2f\xfc\x35\xeb\xfb\xa3\x67\x39\xa2\x77\x9e\xe5\x8c\xc7"
	"\xce\xd0\xe0\xa7\x65\x0b\x39\xa4\x21\x43\x26\xac\x68\x31\x59\x3a"
	"\x25\xc6\x14\x07\x76\x34\xdd\xdc\x71\x03\x64\x1a\x5c\xcc\x27\x58"
	"\x9e\x8b\xc9\x62\x41\xb1\xef\x71\x6f\x70\xc6\xaa\x0e\xb5\xa2\xa9"
	"\x3f\x3e\x6b\x13\xba\xb6\xc3\x24\xcb\xbf\xbb\x3b\x3f\x9d\xdf\x5f"
	"\x9f\xcf\x9f\x83\x6e\xf4\x85\x2c\x4d\x66\x0e\xb2\x8e\x35\x5c\xd7"
	"\xc8\x5d\x9a\xb8\x53\xd5\x90\xc7\x7f\xb9\x7d\x7a\x7d\x18\x7d\x0a"
	"\xb9\x7a\x7c\x78\xfc\xbc\x7d\x82\xdb\x24\x51\x5c\xb5\x6c\xf3\x19"
	"\xe2\xc9\x53\xb0\xe6\xc8\x59\x4b\xb0\x16\x13\x34\xd5\x04\xb9\x9d"
	"\x14\xac\x81\x5e\x51\xb7\xa8\x4d\x39\xbf\x3f\xfe\x71\xff\xf8\x7e"
	"\xbe\x83\x39\x00\x2d\x74\x31\x1f\xb8\x5e\xad\xd8\xb7\x6f\xb7\x77"
	"\x22\x93\x97\xbb\xf3\x55\x35\x9f\x78\x68\xf5\x26\x1e\x5a\x87\xf9"
	"\x54\xfd\x72\x28\x4b\x2c\xfe\x54\x5f\xe4\x5f\x2f\x9f\x3f\xcf\x1f"
	"\x8f\x83\x0f\x2e\x17\x2e\x96\xab\x60\x4d\x35\xb9\x56\xd9\x3d\x7c"
	"\x89\xb1\x7c\xf7\xfa\x76\x16\x2c\x58\xb3\x35\xd2\x35\xd6\x18\x73"
	"\x25\xe7\xcf\x7f\xbf\xbe\xff\x25\x1b\xf8\xeb\x7f\xce\xef\xff\x39"
	"\x62\xcf\x6f\xe7\x7b\xd9\x3c\x04\x69\x13\x6f\xe9\x6a\x2e\x7d\x1f"
	"\x1f\x7e\x7e\xea\xbe\x5d\xf0\xc8\xf9\x7b\xfe\xb7\xda\xa5\xa2\xf7"
	"\xfe\x75\x1e\x9d\x5f\xce\xef\x0f\x5f\x23\x39\x22\x60\xc4\x30\xd2"
	"\xff\x18\x9d\x63\xee\xfc\x2a\xde\xd4\xc0\x5b\x18\x78\x4b\x94\xb7"
	"\xf0\xd4\x56\xce\xcf\x1f\xaf\x4f\xf0\x40\x70\x85\xc8\x38\x7c\x89"
	"\x89\x8c\x23\x0e\x16\x63\x13\x73\xa2\xf6\x50\x73\x93\x3e\xfa\x03"
	"\x66\x95\x97\x7b\x31\x10\x5e\xce\xdd\x2f\x56\xc1\x60\x11\x31\x15"
	"\xcc\xc3\x5a\x5d\x95\xf9\xdb\xf9\xf6\xaf\x5f\x6f\x50\x07\x51\x31"
	"\x21\x33\x6f\xe7\xf3\xdd\xcf\x9e\xbf\xf7\x6a\x42\x3f\x29\x3e\xc7"
	"\xea\xf1\x78\xff\xfe\xfa\x78\x7f\x59\x7e\x7d\xbe\xa9\x6e\x1f\x2f"
	"\x15\xaa\xf5\x3b\x77\x58\xb4\x99\x06\x00\x11\xe3\x45\xda\x34\x3f"
	"\x9e\xb6\x2c\xc2\xe2\x1e\xb7\xd6\xae\x60\x67\x8e\x59\x9b\x34\xa0"
	"\x28\xde\x86\xe8\x5d\x69\xcf\xdf\x0f\xf8\xf9\x69\x5f\xe1\x2f\x4b"
	"\x97\xa0\x22\xdb\x01\x60\xc1\x45\x2d\x8d\xe1\x6d\x21\xeb\xe7\x44"
	"\xfc\x7c\x47\xd3\xb2\x68\x58\xbd\x0c\xc9\xa6\x4c\xb6\x92\x83\x64"
	"\x4b\xc4\x96\x44\xcd\x73\x93\xe9\xa8\x95\xc2\xb3\xd4\x86\x3a\xe5"
	"\x94\xf4\x7c\x42\x01\x3f\x0f\x58\x32\x48\xd6\xea\x0b\xab\x77\xf3"
	"\x75\x5f\x07\x29\xe6\xa5\x50\x6c\xa6\x4f\x62\x23\x3d\x77\xa6\xc8"
	"\x13\x1b\x66\x1b\x13\xae\x13\x7d\xef\xaf\xf9\x09\x02\x09\x04\x29"
	"\xf2\x8a\x53\x07\x8f\x27\xd1\xf6\x74\x88\xc4\x0e\x57\xfc\x63\xff"
	"\x0d\x29\x9d\x10\xf2\x62\xa5\xcf\x66\xcf\x22\x32\x19\x8f\xc7\xb8"
	"\x4a\xcd\x05\x81\x29\x9a\x60\xb6\xbf\x5b\x3e\xc7\x8e\x5e\xeb\x9c"
	"\x1e\x31\x05\xa7\x4a\x2d\x47\xde\x9c\x13\x22\xa4\xf9\xff\xad\xa2"
	"\x35\xd0\xc9\x2a\x08\x12\xa4\x2e\x63\x53\xd7\x45\xc2\xca\xf3\xe2"
	"\x72\x51\x73\xfb\xfc\xf1\x4b\xcc\xc0\x7e\x40\x46\xa9\xb2\xbd\x16"
	"\x58\xc1\xd0\x61\x37\xbf\xbe\xa3\x78\x30\xba\xc0\xd2\x88\xe5\xe5"
	"\x45\x2e\x88\x62\xea\x17\x7f\x4c\x59\xc0\x2e\x3d\xfc\x3f\xe7\xd3"
	"\x0b\xa9\xd1\xcd\xe9\x14\xfa\x3b\x96\x68\x0e\x2b\xc3\xac\x83\xd7"
	"\xd7\x4f\x58\x94\x8a\xc7\x67\xb1\x1c\xfe\x3c\xdf\xfd\x65\x2e\x26"
	"\x48\x33\xda\x46\x9a\xcc\xce\xe2\xe7\xf3\xeb\xfd\xd9\x56\x68\x99"
	"\xef\x30\x6e\xfd\x45\xd8\xd2\x28\x5c\x31\x44\x1f\x85\x6c\x72\xb1"
	"\x9f\x6e\x5d\xd8\xe8\xd4\x4f\xc5\xd0\x02\x61\x8c\xd2\x74\x5b\x76"
	"\xbd\x17\xfa\x32\xc0\xfb\x16\x42\xca\x65\x7e\xd7\xc1\xc0\x65\x6c"
	"\xb6\x21\x3c\xaa\x90\x5f\xe4\xe9\x55\xd4\x6a\xf5\x7e\xfb\x7c\x86"
	"\x5d\x45\xb7\x3a\x9d\xf1\x0c\x27\x1c\xbf\x60\x88\xf5\x04\x20\x36"
	"\x3c\xdc\xda\x66\x05\xce\x3c\xd7\x9b\x5c\x81\x9a\x4c\xaf\x00\x21"
	"\xfe\x80\x3b\x20\x12\x12\x3a\x47\xb6\xc1\x03\xd8\x12\xb9\xac\xef"
	"\xc2\x38\xc4\x9c\x39\x21\xa1\xda\xba\x65\x93\x8f\x3c\x13\xb4\xa9"
	"\x6e\xd2\x9c\xe9\x62\xf1\x76\xe7\x4f\xb0\xa7\xef\xce\xf7\x1d\x5e"
	"\x72\xb0\x96\x00\x53\x33\xe9\x42\x0e\xbe\x15\xc2\x08\xb2\xb1\xed"
	"\x4a\x06\xf1\xcc\x55\x51\xdc\xe4\xb5\x4a\xfe\x7a\x76\xad\x0e\xe7"
	"\xe7\xf1\x6c\xda\x17\xdb\x01\xa0\x0c\xc1\xa8\x0f\x3a\x66\xe0\x3f"
	"\x6d\x2f\x96\x85\x64\x68\x3c\x55\x09\xb6\x14\x76\xfe\xfa\xeb\x5d"
	"\xec\x95\x55\xc5\x59\x50\x64\xa8\xee\xa4\x7a\x94\x2c\x4f\x83\xce"
	"\x50\x12\x25\xab\x7c\x8d\x0d\x82\x6e\xf7\xe9\x62\xa1\x2f\xc0\x9f"
	"\x6f\xd7\x9f\xc7\x00\x91\xa6\xd1\x69\x9f\xe6\x5b\x3f\xaf\x03\x80"
	"\x77\xaf\xb1\xf2\xdc\x2f\x4a\x01\x1f\x8f\x17\xde\xc2\xeb\xba\x73"
	"\xe3\x2c\x02\x83\xd5\x16\x32\x99\x4d\xc6\xf2\xbf\xde\x87\x44\xe3"
	"\x35\x00\x91\xc1\xd2\xe9\x85\x4a\x81\x82\x54\x65\xe0\xd9\x02\xb9"
	"\x80\xae\xe2\x0e\x66\xac\xd0\x4f\x3f\x3c\x27\x4d\x4f\xc4\x7d\x7f"
	"\x2a\xbc\xa9\x1f\x41\xae\xad\x5a\x40\x5c\x94\x8e\x19\x51\xc4\xfa"
	"\x83\x3c\x6d\xcb\x8f\x18\x1f\xd7\xd1\x95\xb4\xdb\xb6\x38\x2e\xfb"
	"\x61\xbe\x2b\xd2\x45\xd1\x40\xca\xca\x1a\x8e\x39\x8f\x77\x23\xc9"
	"\x1c\x65\xb7\x0f\x67\xa9\xda\xd1\xf1\xf6\xd1\xd9\x2a\x42\x7a\xb8"
	"\xd2\x59\x17\xe0\xb7\xe2\x14\x65\xbe\x7e\xa6\x54\x90\xa2\x27\x76"
	"\x73\x8e\x16\x93\xa5\xbb\x8e\x73\xc6\x74\x55\x91\x87\x25\xaf\xee"
	"\x1f\xfb\xc3\x63\x00\x6c\xa9\xbb\xb8\xb7\xe5\xef\xa2\x0d\x3a\xc3"
	"\x20\x30\x3c\x46\x3a\xa3\x61\x9e\x76\xae\xe6\x14\xf6\xfc\xfa\x79"
	"\x7e\x7b\x7f\xbd\xd3\xde\x46\x53\x70\xb3\x08\xfa\x0b\x6a\xc2\xb7"
	"\xe7\x0f\xe5\x32\x06\xce\x25\xbf\xf1\xaf\x8f\xcf\xf3\xf3\x28\x15"
	"\x6b\xd7\xcf\xc7\xb7\xdf\xe1\x20\x74\xf7\xf8\x43\xf4\x54\x38\xb8"
	"\xb9\x79\x7e\x7a\x7d\x10\x64\x08\x6a\x39\xc8\x27\x78\x7f\xbd\xbd"
	"\xbf\x7b\x7d\x1e\xf0\x2e\xf2\x07\x21\x91\x72\x12\xf3\x22\x50\x55"
	"\x7c\xfe\x2b\x3e\xe8\xf2\xbc\xf9\x75\xfb\x24\xb2\x1c\xe6\xd9\xc9"
	"\x11\x9b\xea\x2a\xb7\x2e\x0a\x39\xd3\xf4\x5f\x16\x9f\xc2\x54\xc8"
	"\x76\xc2\x55\x56\x37\x07\x52\xf4\x7e\x80\xed\x55\xa6\xa4\x08\x88"
	"\xc8\x2d\x58\x63\x74\x31\xc3\x16\xa9\x46\x56\x1a\x36\xe4\xa9\x53"
	"\xda\xa9\x50\xbc\xeb\x96\x8f\x80\xf7\x8b\x95\xf2\xa1\x9c\xc2\x2e"
	"\xa9\x03\x13\x32\x44\xf7\x2b\x6d\xad\x77\x9d\x1a\x8b\x96\x21\x5d"
	"\xd3\xaf\xea\x77\xbf\x2e\xab\x88\x1e\x74\x2d\x58\xd3\xfb\x60\x32"
	"\xc8\x90\x64\xca\x37\x48\xfd\x8d\xbe\x9e\x77\x4d\xbd\x11\x73\x3a"
	"\x5b\x27\x69\x4e\x55\x77\x95\x3e\x91\xc5\x5f\xa9\x3d\x06\x1c\x2d"
	"\xf1\x14\xaf\x42\x4d\xc3\x4b\x16\x77\xf4\xf6\x73\xac\x17\xc3\xae"
	"\x4e\x01\x9f\x6d\xfc\x27\x29\x4c\x1e\xaa\x5f\x4f\x89\x2a\x26\x31"
	"\x61\xc9\xaa\xe3\xc7\xb5\xfa\x3d\xd4\x46\x6a\x32\xa5\xa4\x14\xad"
	"\xd0\x33\xf0\xa8\x59\x5b\x9a\x27\xb0\xa2\x80\xab\x31\xd2\x77\xe1"
	"\xdb\x0c\x04\x70\xda\x2c\x4e\xc7\x99\x5f\x6c\x4c\x38\x1e\x4b\x07"
	"\x5b\xe0\x01\x16\x74\x0a\xa3\xf0\xbf\x5b\xbb\xe0\xea\x90\xcd\x13"
	"\x5f\xba\x85\x03\x94\x3c\x26\xf3\x98\x68\x1a\x54\x74\xb3\xc8\x80"
	"\xe6\x3b\x8a\xcb\x71\x96\xc5\x59\x79\x5a\x89\xe5\xa4\x76\x96\x95"
	"\xaa\x2d\x59\x61\x5a\xf3\x16\xed\xb7\x2a\x0c\x5c\x96\xac\xc1\xa7"
	"\x14\xf5\xc3\xa6\x70\xfa\x05\x4e\x97\xaa\x52\xa7\x53\x35\xf8\x86"
	"\xa9\x20\x1c\xb0\x74\x30\x76\x0a\x58\x82\x57\x6d\x20\xcb\xcd\x52"
	"\x50\xc4\xda\xae\xc9\xa9\xb4\xf6\xc7\x39\xa7\x0c\x14\xcc\xba\x92"
	"\x02\x04\x78\xd2\x93\x9d\xe8\xa9\xcd\xdf\xa6\x84\x19\x0d\x9e\x74"
	"\xe4\xbc\x92\x6b\x3d\x17\x35\x63\x20\xdc\x55\xef\x3a\x6a\x2f\x5c"
	"\x58\x30\x48\x4c\xec\x98\x71\xad\x38\xb4\xe5\xa1\x45\x6c\x69\x36"
	"\x79\xd7\xa4\xc9\x83\x8b\x13\x98\xe8\x57\x8e\x27\xa7\x9b\x48\x2d"
	"\xdc\x26\x24\x59\x4f\x27\x58\x12\xfe\x97\xb4\x6b\xeb\x71\x1b\x57"
	"\xd2\x7f\xa5\x91\xa7\x3d\xc0\x0e\xc6\xba\x58\xb6\x07\xc8\x83\xae"
	"\x96\x62\xdd\x5a\xa4\xdc\xee\xbc\x08\x9d\xc4\x49\x7a\x27\xdd\x9d"
	"\xed\xcb\x39\xc9\xf9\xf5\x87\x45\xea\x46\x8a\x25\x79\xb1\xc0\x00"
	"\x93\x66\x95\x29\x5e\x8b\xc5\x62\xd5\x57\xdc\x45\x4f\x00\x5b\x67"
	"\x08\x5e\x35\x67\x0b\x4a\x76\xd1\x04\x75\x62\x5a\x43\x92\xb8\x2d"
	"\x0d\x6f\x91\xcf\x96\x18\x84\x7e\x8f\x50\x9d\xf9\xcb\x30\x98\x7b"
	"\xb8\x64\xc9\xeb\xcc\x63\x03\x3e\xce\x78\x59\xe7\xa7\xa4\x21\x15"
	"\x82\x57\xcd\x13\x77\xe8\xa0\x03\x40\x14\x86\xc7\xa8\x0a\xaf\x3b"
	"\x35\xab\xfd\xf3\x6a\xff\xc4\x0e\xcc\x47\xc5\x10\xdd\x12\xd9\x75"
	"\xf9\xd8\xa5\xf0\x28\xf2\x20\xcc\x14\x77\xd1\x39\xfe\x9a\x60\x91"
	"\x9e\x1a\x66\x31\x20\xba\x17\xc5\x29\x2f\x8f\xd5\x73\x99\x80\x3a"
	"\x4a\xc3\x3e\xe6\x1c\xc5\xd3\x2f\xb6\x80\x83\xe5\xc1\xea\x59\xe4"
	"\x04\xef\x72\x52\xba\x97\xd4\xe9\x12\x92\xcc\x09\x37\x37\xa5\xdd"
	"\xd1\x24\x4d\x46\xa0\xaa\x2f\xa0\xe2\xf5\xcb\xbf\x9b\x3f\x94\xd6"
	"\x4b\x16\x49\x45\xec\xd4\x87\xba\xe7\xd3\x9b\xbe\xfa\x25\x22\x6c"
	"\xa5\xda\xd6\x53\x7f\x00\x13\x0c\x7f\xbd\x7e\x7e\x7a\xec\x80\x65"
	"\x35\xe1\x70\x82\x9d\x09\x00\xbf\x41\x31\x88\x5a\x1e\xd5\xd7\x59"
	"\xa6\xf6\x09\xf6\x74\xc5\x02\x37\xb2\xe9\xa2\x5d\xd5\x9a\x01\xc6"
	"\xd7\x42\x10\x4d\x5b\x96\x8a\x6e\x77\x1b\xcb\x9d\x63\x21\xd9\x7a"
	"\x8d\xf8\xd6\xb4\x1c\x1d\xf2\x07\x16\x51\x55\x54\xb7\xba\xdb\xc6"
	"\x38\x7d\x2f\xfb\xa3\x05\xd2\x90\xec\xe1\x7d\x69\xe3\x7b\xfa\x2a"
	"\x9a\x43\x94\x44\x9c\x4b\xfd\xe1\x0c\xae\x06\x90\x5b\xdf\x74\xb9"
	"\x09\x80\xd7\x51\xb3\x3b\x1e\x81\x7d\xd4\xb3\x98\x72\xc5\xa4\x83"
	"\xec\xd6\x5f\xb7\x04\x47\xfb\x5b\xcd\x7b\x16\xfe\xb6\x7b\x4a\x2d"
	"\x7b\x8d\xa6\x8a\xea\xe8\x98\x01\xda\xcb\x5c\x03\x79\x64\x65\x24"
	"\xd3\xc4\x48\xbe\xb1\x5e\x09\xd8\x40\xfd\xe6\x76\x31\x04\x87\xc0"
	"\xb5\x10\x8b\x13\xbb\x1c\x56\x01\x62\x04\x13\xb4\x1d\x4e\x43\x6c"
	"\xe5\x7c\x5c\xa9\x68\x68\x63\xb9\xa7\x44\x6f\x36\x3f\x9c\x48\xb0"
	"\x43\x28\xfe\x87\x83\xb1\x42\xf2\xdf\x66\xbe\x65\x5a\x58\xc4\xa1"
	"\xbb\xb1\xd7\xf8\xc4\x74\x74\x3c\x04\xd5\xdd\x38\x0e\x5a\xf7\xd6"
	"\x46\x1e\x88\x19\x6d\xb7\x46\x6c\x97\x82\x86\x74\xe5\xe4\xdb\x2b"
	"\xc4\xff\x95\xd1\x1c\x13\x11\x09\xc4\x77\x2d\x34\x8b\x22\x3d\x6c"
	"\x2d\x2c\x05\x27\xa3\x79\xee\xfa\xff\xe5\x39\x60\x3a\xa8\x0f\x80"
	"\xb9\x33\x70\x12\xf6\x76\xbb\xb1\x37\xb8\x2b\x02\xfe\xad\x0d\xfe"
	"\xad\xcd\xce\x42\x1d\x18\xb6\x1b\x8c\xb4\x33\xd1\x5f\xed\x90\x38"
	"\x34\x9f\xbf\x33\x19\x70\x76\xe8\x85\x6e\x0e\xea\x5e\x19\xf6\x77"
	"\x83\x39\xcd\xd5\x97\x73\x2b\x6c\x6d\xc4\x1f\x33\x3e\x61\x09\xfe"
	"\x92\xdc\x35\x4f\x27\xb4\x35\x29\xf5\x4d\x7b\x63\xe0\x34\x2c\x34"
	"\x11\x68\x08\x7c\x0e\x3b\xb7\x0c\xcc\x4d\x1d\x68\x06\x86\x62\x27"
	"\x88\x5b\x94\x66\x21\x71\x03\x90\x17\xd6\x41\xfa\x9f\xf9\xa5\x65"
	"\x22\x51\x23\x40\xb3\x91\xd0\x88\xdc\xad\x37\x98\x4f\x2a\x4d\x60"
	"\x3c\x57\x5b\xc3\x9f\x25\x5b\xf3\xbf\xb6\xc9\x0a\x89\x6e\x15\x1c"
	"\x86\x69\x58\xdb\x39\xfa\x6a\x4b\x8c\xd9\x16\x1a\xe6\x96\xac\xd6"
	"\xb3\x1c\x8e\x41\x1c\x04\x84\x8f\x73\xb0\x2f\x18\xeb\x19\xf2\x66"
	"\x87\xb8\x24\x08\xf2\xd6\xd9\xa2\x5d\xa0\xa9\x6f\xaf\x11\xfc\xdc"
	"\x63\xe4\x18\x2b\x75\xd1\xb6\x26\xba\x9f\x3f\xee\xbf\xde\x4f\x44"
	"\xd0\xd6\x72\x34\x6e\x40\xdf\xcf\x0f\x1c\x58\x8d\x68\xbc\x65\x68"
	"\xea\x32\x3d\x21\x6e\x6f\x2e\xc8\x5e\x26\x5b\x6c\x5f\xb9\xd7\x28"
	"\xc0\xf9\xf1\xe3\x76\x37\x0d\x40\x8d\xef\xbf\x74\x9e\xb6\xe0\x3c"
	"\x26\x1e\xd3\x7a\x33\x25\x29\x3b\x62\x4f\x90\xcf\x4e\x52\xb6\x2d"
	"\x55\x72\x74\xb4\x2f\x73\x6f\x8f\xaf\x23\xcb\x62\xe7\x2f\xc4\x64"
	"\xf7\x9d\x90\xe2\x98\xe8\x5e\xaf\x1c\xcc\xb9\x66\x6d\x39\x2b\x94"
	"\x84\xfa\x83\xad\x6d\xd3\x40\x49\xb6\x83\x93\x30\x5f\x9d\xf5\x7a"
	"\x67\x56\x38\xcd\xc2\x69\x2b\xb4\x67\x8e\x69\x57\xe8\x81\x0f\xb2"
	"\xcd\x41\xfd\xb3\xd6\xce\x16\xed\xc4\x06\x39\x9a\x81\xe4\x18\x38"
	"\x09\x6d\xe7\xcc\x81\x66\xa1\x7e\x82\xdb\x2d\xe2\x60\x18\x94\x05"
	"\x6d\x02\xc4\xbd\x37\x73\x4c\x0b\xe9\x34\x93\xaf\x6b\x03\x95\xe7"
	"\xeb\xad\x89\x8a\x5e\x7b\x83\x3c\x92\x02\x6d\x87\x88\x5e\xb1\xf9"
	"\x95\x76\xf6\x4e\x97\x5f\xde\x1e\x1e\x7e\xb7\xd6\xf2\x6e\xb9\x47"
	"\xcf\xe7\xff\x7d\x3b\x3f\x7e\xfe\xdd\xfb\xdb\xfd\x1b\x7c\xa9\x82"
	"\x80\xfc\x59\xa6\x69\xc7\x25\x9e\xf2\xf8\x23\xcd\xdd\xeb\xd3\xf3"
	"\x9f\xc1\xfd\xcb\xeb\xf3\xfd\xa7\x37\x78\x94\x57\xdc\xf3\x94\x50"
	"\x37\x11\x57\xf2\xfd\xee\xe5\xfc\x47\xca\xea\x38\x7f\xb9\x4a\x9f"
	"\x9e\x7e\x5e\xfd\x17\xab\xfc\x1f\x57\x5f\xfb\x8f\xbf\x8c\x3e\x2e"
	"\x57\x18\xd9\x96\x46\xc1\xfa\xbf\x78\xf5\xa1\xfb\x0d\xa8\x58\x80"
	"\x5a\x47\x75\xe6\x7c\x46\xd1\x4d\x7e\xaa\x88\xbd\xc6\xae\x1d\x7b"
	"\x03\x53\x89\xcb\xda\x5a\xb1\x2b\x09\xa6\x6e\xb7\x17\x81\xfd\x6d"
	"\x55\xcc\xdc\x03\x12\xba\xb7\x14\x27\x3a\x21\x44\xcf\x77\x3f\x5e"
	"\xbf\x8f\xe4\x79\x57\xfa\xfc\x7a\x55\xdd\xbd\x9e\xaf\xb2\xa7\xc7"
	"\xfb\x57\x75\x08\xa3\xd0\xb6\xb1\xed\xc2\x69\x36\xb6\xb8\xad\xd5"
	"\x8c\xb2\x02\xc4\x69\xfc\x51\xfc\xf6\x70\xff\xe5\xfe\xf5\xb7\x76"
	"\x32\x33\xd3\x42\xce\xd3\x20\xa6\xc8\x51\x13\xc3\x59\x8f\xa8\x30"
	"\x31\x25\x26\xb2\xfd\x62\x5a\x23\x14\x92\x6c\xb0\x0b\x06\x90\xcc"
	"\xe9\xb0\x27\x6c\xcf\xbc\x02\x20\xc2\xc3\xf9\xee\xe5\xed\xf9\xfc"
	"\x70\x7e\x7c\xbd\x7a\x63\x23\xad\x59\xaa\xf6\x6a\x6e\x31\xda\xe8"
	"\x1d\x37\x61\x2b\x0a\x5d\x35\x2d\x19\x13\xd9\x87\xec\xe4\x60\xfa"
	"\xef\x11\x96\xa4\x33\xbb\x24\x47\x3c\xd8\x17\xda\x65\x9b\x92\xcc"
	"\x09\xc8\xe9\x72\xc7\x58\x37\xf8\x10\x34\x04\xbb\x69\xbb\xa9\x05"
	"\x29\xc7\xf5\xb4\x32\x20\x3b\x0c\x86\x87\x13\xb1\x44\xd1\x5e\x6c"
	"\x60\x9e\xa2\x40\x42\x66\xc0\xcf\x2c\xd3\x40\xa2\x14\x81\x86\x39"
	"\x76\x64\xac\x0b\x16\x46\x72\x90\x75\x06\x24\x07\xb9\x1c\xef\x4b"
	"\xd3\x2d\xd9\x2a\x74\x57\x2b\x7d\x8a\xbe\xce\xd6\x9c\x90\xd4\xdc"
	"\xad\x90\x0b\x83\xcc\x84\xe0\xe8\x70\xa2\x81\x9c\x51\x1f\x88\xcb"
	"\x74\x70\x24\x2c\xad\xac\x56\x28\x38\x0d\xad\x30\x5c\x19\x26\x34"
	"\x98\xb4\x41\xe6\xb4\x28\x29\x9b\x6e\xfd\x0f\x4b\xd6\x14\x73\x85"
	"\x92\x49\x62\x18\xf6\x1a\xbb\xde\x5b\x16\x62\x94\xa1\x3e\xb1\x6c"
	"\xc4\x73\x8a\xd3\x90\x28\xf8\x6e\x6c\xc1\xeb\x1b\x0b\xe6\xe6\xb4"
	"\x2d\x4a\xb3\xd7\x16\x86\xd1\xb7\x36\xb6\xa6\xde\x58\x7f\xf4\xf3"
	"\x14\x1d\xbe\x63\x98\xa5\xce\x0a\x71\xf1\x3a\xa6\x8e\xa1\x89\x38"
	"\xc8\xee\xbe\x3d\x9e\x5f\x85\x35\x4f\xbb\x7b\x0f\x68\x1e\x75\x4e"
	"\x42\xd4\xbd\xc3\x6a\xb7\x43\x76\x7c\x6b\xb0\xcb\xdc\x7d\x3e\x23"
	"\xec\x06\x1e\xd4\x2a\xe5\xee\x2d\x03\x87\x45\xb3\xd6\xa6\x3d\x6b"
	"\x88\xe3\x95\xe3\xe7\x6f\x37\xc3\x71\xe6\xaf\xb7\xb6\x85\x36\x55"
	"\xe5\x53\x9a\x2b\x06\xf9\xed\xc7\xeb\xfd\xcf\x1f\xe7\x5f\x8a\x5a"
	"\x04\x2d\xc9\xea\x93\xe6\xb0\xf9\xfc\xe3\xfe\x71\x32\x29\x97\xf9"
	"\xc9\x43\xa5\xfc\x9d\xa5\xaa\x4b\xaa\x33\xe3\xca\x03\x01\x2f\xd2"
	"\xa8\xb1\xb7\xd3\xcf\x7e\x3e\xbd\xb2\xf3\xee\x5e\x63\xf4\x65\xf7"
	"\x63\x2c\xda\x1e\x34\x63\x7b\x6b\xcc\xd0\x36\xa8\x66\x6c\x58\xb8"
	"\x46\x8d\xed\x1b\x5a\xa6\x5a\x75\x44\xed\x04\x1b\x36\xf9\xd4\x4e"
	"\xb3\x72\x67\xac\x34\xba\x56\xf9\x7c\x7e\x81\xc3\x5e\xbb\x31\xbc"
	"\x72\xe5\xac\xb2\x3d\xb2\x7e\x4b\xcc\xe8\x1c\x97\xd8\x70\x95\xa9"
	"\x61\xcc\x18\x69\x05\x19\xdd\x0d\x65\xca\x76\x03\x72\xd5\x20\x6b"
	"\xd4\x38\xc4\x48\xd6\x66\x6e\x9b\xf0\x3c\x00\xfa\xf1\x5e\x63\x2a"
	"\x65\x5c\x9a\x2b\x47\xdf\x8d\x8f\xa5\xcb\xce\x51\x47\xaf\x3e\x3c"
	"\x82\xdf\xb0\x6e\xac\x89\xb5\x93\xed\x7e\xed\xf4\x3c\xfd\xba\x7f"
	"\x00\x45\x13\xfc\xc6\xbf\xdc\xbf\x88\x70\x27\x4d\x05\x69\x12\xb8"
	"\x15\x24\x4c\x0d\x95\x50\xd5\x61\x1b\x57\x11\xa2\x03\x93\xd3\x6e"
	"\x8d\x19\x95\xd9\x8f\xa6\x81\x71\xf4\xfc\xf0\x13\x2e\x58\xc8\xc2"
	"\x61\x4b\x3f\x01\x2c\xc6\xb0\xca\x0a\xbf\xa8\xb1\xd4\x4e\x59\x7a"
	"\xda\xad\x1c\xec\x68\xca\xca\x15\xf2\x3c\xc1\x49\x1b\xe4\xd0\xb9"
	"\x25\xc8\xf1\xc9\x49\xc8\x99\x93\x53\x7d\xb4\xe1\x31\x0b\x55\x74"
	"\xd3\x1e\x88\x34\x1b\xa3\x92\x66\xbd\xdf\xcb\x70\x9a\xb3\x42\x70"
	"\xd9\x8c\x28\xe2\xcb\xcf\xe8\x1c\x3c\x6e\xbb\xd6\xd7\x3f\x75\x0c"
	"\x4b\xaa\x6b\x70\x0a\x93\xdf\x58\xa5\xdc\xf5\x6d\x01\xcc\x40\x93"
	"\x57\xef\x0d\xb5\xfc\x68\x66\x53\xe6\x23\x13\xfd\x74\x8c\x5d\xd9"
	"\x3e\x5c\x56\xd7\xd2\x7b\x1d\x40\xf2\x22\xa3\xe1\xb9\x94\x49\xe3"
	"\xdb\x69\x8b\x15\x82\x70\x46\x1a\x64\x88\x42\xcd\xe2\xd9\xca\x6f"
	"\xc2\x34\x55\x22\x53\x55\x1a\x3b\xab\xd2\xa8\x61\x97\x10\x3f\x76"
	"\x2b\xd5\x8b\x66\xf0\x3a\xf3\xb9\x9b\x68\x43\x8b\x26\xaa\xd3\x54"
	"\x06\xb7\xba\xa4\x8a\xee\xb3\x3c\x5d\x66\x51\x85\xbe\x2b\x7b\x7d"
	"\x08\x64\xb5\x99\x0a\x08\x0d\xcb\x9e\x3e\x7a\x39\xe6\x2e\x19\xbc"
	"\x51\x8d\x77\x0b\xfe\x12\x92\x0f\x41\x52\x81\xd3\x9e\xae\xda\x41"
	"\xb3\x2a\x03\x97\x89\x80\xae\x81\x90\xf3\x13\x79\xa1\x18\x7a\xc1"
	"\x8a\xfc\xb0\xa4\xc8\xd5\xd9\x6f\xfc\xba\xaa\xb8\x13\x56\x55\xf0"
	"\x66\xd1\x50\xeb\xe1\xd7\x57\x97\x90\x91\x27\x4b\x97\x53\x08\xdc"
	"\x06\xa5\x50\xa5\xa8\x0e\xd3\xbd\x5b\x43\xee\x45\x40\x80\xd7\x87"
	"\x03\xf5\x3c\xf0\x34\xb0\x59\x21\x10\x13\x13\xb6\xed\x45\x6c\x58"
	"\xa0\xdd\x98\x6d\xb3\xd9\x22\x17\x1f\x95\xcd\xbe\x8c\xcd\xba\x8c"
	"\x0d\x89\x86\x54\xd9\x1c\x9d\xec\x50\x98\x58\x47\xa5\x90\x01\x58"
	"\x3e\x00\x57\x87\x8e\x7a\xc7\x41\x32\x0f\xc3\x26\xed\x58\xbc\x6b"
	"\xd3\x36\xd6\x9b\x65\x1e\xc4\xc6\x39\xe6\xc1\x8c\x54\x1d\xcf\xec"
	"\x6c\xc8\x4c\xf6\x25\x4c\xd6\x25\x4c\xc8\x3c\xc8\x4c\xda\x59\x90"
	"\x58\x90\x39\xe8\x41\x33\x21\xb7\x4b\x9a\x64\x5a\xaf\xfa\x9e\xc9"
	"\x8f\x43\x90\xc0\x26\x29\x8e\x95\xaf\x9d\x52\x77\x67\x20\xd6\xe9"
	"\x7e\x1b\x76\xbc\x71\xb2\x8f\x9b\x63\x91\x52\xcc\x0f\xaa\xff\x45"
	"\x5e\x34\xb1\x3e\x9d\x8c\x4f\x98\x4e\xd9\x7c\x28\xf3\x39\x09\x32"
	"\xf9\xb2\x77\xbd\x36\x30\x7b\xd6\x84\xb9\xdc\x61\x5e\x11\x13\x56"
	"\x62\x66\xc9\x0d\xa2\xae\x4d\x98\x33\x26\xd7\xc4\x0f\x6c\xcd\x90"
	"\xeb\xd8\xc7\x03\x3e\x1d\x4d\x48\x35\x17\xf9\xf3\xdf\x4e\x04\xe2"
	"\x77\x36\xf7\xc1\x28\xa9\xb2\x1b\xb7\x0a\x5b\x41\x3e\x3a\xac\x41"
	"\x10\x77\xad\x29\x02\xc9\xb9\xac\x73\x31\x8d\x8f\x8d\x4f\xab\x74"
	"\x3e\xa0\x16\xfc\x88\xf5\x5e\x83\x7d\x23\xe8\x69\xf2\x89\x30\x6f"
	"\x8a\xa2\x44\xee\x91\x14\x3c\x9c\xd5\x4a\x07\x38\x92\xb8\x71\xd3"
	"\x7d\x51\x25\x34\xce\x66\x8e\x8d\x51\x1e\xd7\xd1\x57\xf9\x79\xc8"
	"\x56\x59\xe6\xf6\xe7\x5e\xe3\x85\x70\xe6\x8e\x60\xf2\xeb\x2a\xd4"
	"\xeb\x75\xfc\xa8\xbf\x29\x39\x3c\x49\xa9\x66\x0a\xeb\x31\x2c\x44"
	"\xec\x6d\x5b\x1d\xeb\xe7\x31\xac\x20\x97\xa7\x84\x04\x14\x42\xf6"
	"\xab\xf6\x0c\xc4\x02\x9b\x23\x4d\x76\x71\x48\xe8\x44\xde\x3e\xbd"
	"\xf0\xe0\x84\xc1\x71\xae\xcd\x8b\x0a\xf9\x9e\x24\x9d\x31\xbe\x15"
	"\x31\x5e\xfa\x2b\x97\x9f\x35\x87\x22\x77\x79\xee\x2b\x34\x55\x14"
	"\xd4\x51\x9e\xdc\xc6\xdc\xe6\x19\xcf\x6f\xb5\xcc\x05\xf5\xa1\x5c"
	"\x3e\x53\x52\x4b\x14\xe2\x03\x38\x3a\x2f\xbf\xb2\x39\x26\x41\x58"
	"\x2c\xf1\x65\x49\x99\x5c\xc6\x59\xfa\x89\x6e\x9d\x0e\x1c\x6b\x68"
	"\x57\x30\x8e\x98\x1e\xfd\x5a\x47\xea\x76\x01\x9f\x6c\x29\x56\x40"
	"\x21\xb2\x49\x30\xb5\xb5\x42\xeb\xd5\x29\xeb\x06\x40\x80\xc8\xa0"
	"\xf9\x26\xf9\x0a\xf4\x5d\x04\xcf\xdd\x9f\xbe\xf8\x96\xe7\x67\x00"
	"\x39\xe3\x57\xbe\x07\xf1\xe6\x31\x82\x74\x19\x69\xf1\x52\x44\x43"
	"\xe5\xf6\x8e\x9b\xd3\xe0\x7e\x35\x4f\x55\x17\x4a\xee\x25\x80\x9b"
	"\xcf\x94\x7c\x1f\xa3\x8d\xbd\xfa\x95\x5f\x75\x80\x50\xef\x3e\xdd"
	"\x03\xa8\xed\x7f\x7f\xff\x57\xfb\x8f\x7f\x3e\x7e\x11\xff\x7a\x37"
	"\x05\x0b\x18\xbe\xc8\x35\x6e\x34\x9d\x42\x9a\x78\xf9\x31\x48\x32"
	"\x9d\xec\x08\xdc\xd3\xd0\xa8\x0e\x35\x75\x24\x97\xb2\x19\xc8\x27"
	"\xaa\x8f\xb2\x85\x50\xf6\xc9\x44\x44\x24\xd1\x61\xe9\x44\x48\xea"
	"\x0c\xaa\x09\x05\x87\x74\xdc\xa3\x74\xd6\xe3\x2c\x1a\x65\x30\xc9"
	"\xa3\xde\xfb\x26\x8c\x72\x78\x4b\x27\x3e\x10\xd8\xf9\x95\xad\x90"
	"\x03\x6f\xc4\xb0\xc6\x2a\x1e\x69\x26\xba\xe2\xa9\xbb\x6e\x4f\x89"
	"\x6e\x9a\x32\x09\x56\x56\x77\xf2\x60\x06\x30\x89\x7b\xa3\xe3\x56"
	"\x79\xf7\x55\xaa\x71\x5a\xe7\xed\xe2\x38\x60\x39\xdc\x6e\xd0\xa3"
	"\x46\x0c\xe6\x05\x8c\xbc\x42\x38\x0a\xa7\x4e\xf0\xc3\x76\x0d\x40"
	"\x40\x07\xd6\x4a\xe3\x89\xf1\xf0\xa9\x83\x70\xd2\xcd\xa9\x5f\x64"
	"\x5e\xc1\xce\x0c\x81\x01\xd5\x94\x34\xb7\x1c\xc5\x3f\x57\x89\x9d"
	"\xa2\x93\x90\x99\xdd\xd6\x5c\xb5\xe5\x23\x08\x28\xc2\x41\x2b\xd0"
	"\x61\xec\x2c\xb5\x4a\x10\x4e\x5f\x4c\x4a\x6d\x61\xe3\x79\x52\x60"
	"\xd1\x98\x04\x6f\x66\xa8\x71\x68\xc4\x97\xf8\x99\xb9\x72\x8c\x65"
	"\x46\x2f\x4b\x56\xeb\xed\x22\xdb\xc1\x09\x88\x45\xab\x45\x3e\xf1"
	"\x58\x97\xce\x0d\x46\xcf\x55\x60\x9d\x9c\x33\xe6\x4f\xf9\x96\x1b"
	"\x7f\xeb\x12\x2c\xa7\xc2\x84\x6d\x73\x19\xdb\x6e\xa1\x87\x60\xeb"
	"\x0f\x29\x5b\xb1\x22\x36\x1a\xeb\x29\x7f\xc9\x5b\x9e\x24\xb6\x1f"
	"\xb7\xdb\xdd\xe5\x8c\xcb\x43\x97\x96\xc4\x5c\xc7\x4b\xd3\xc4\x98"
	"\xcc\x18\x6b\x3b\x89\xa9\xbf\xfc\x21\x26\xf5\x2d\x33\xb2\x65\x2b"
	"\xa0\x8e\xaf\x73\xb4\xd2\x6f\x89\xac\xf0\x44\x90\xb6\x7e\xb5\x57"
	"\x29\xa2\x72\xb6\xe8\x89\xc0\x54\x56\xc5\x29\xc9\xe8\x2d\x98\x88"
	"\x98\x72\x9d\x07\xc5\x0d\x07\xf8\x58\xec\x02\xcd\x02\x7b\x87\x3d"
	"\xde\x4f\xf8\x9c\x85\x8e\x72\x2e\x63\x85\x75\x45\x54\xb2\xb9\xf0"
	"\x63\xf6\x85\x7c\xd6\x05\xf3\x74\xb0\xac\x9d\x71\xc9\x87\xf7\xd6"
	"\x6e\xf7\x6b\x91\x6f\xe6\x91\x7a\xcc\x06\xb3\xc2\x0a\x28\xc5\x4c"
	"\x68\x13\x66\x88\x10\xf1\xdd\x25\x11\x23\x58\x6b\x5a\x40\xe4\x27"
	"\xd3\x24\xb1\xf1\xe6\x7c\x91\x0b\x5e\xc1\xb7\xcb\xb5\xf2\x34\x06"
	"\xec\x28\xe1\xf7\xbb\xb4\x3e\xe9\x17\xab\xe0\x72\x83\x00\xae\x47"
	"\x69\x9d\x25\x39\x04\x17\xcd\xf1\x82\x81\xd8\xe5\x46\x50\xd3\xbb"
	"\xa5\x8b\xac\x7b\x88\xc2\x5b\xe4\xf4\x8b\x94\x5d\xf3\x02\x3d\x0b"
	"\x80\x08\x52\x97\xef\x05\x91\x93\x60\xca\x26\x32\xbf\xb1\x0b\xdf"
	"\x9e\xa7\xe6\x81\xbd\x82\xca\x82\xd3\xce\x42\x9e\x07\x7a\x36\xc6"
	"\xb2\x74\x1e\x71\x16\x08\x9d\x6a\xcc\x9c\x69\x61\xf1\x22\xb7\x2c"
	"\x12\x35\x0c\x96\x7e\xa3\x31\x0a\x62\xde\xea\x13\xb0\xfa\xfe\x10"
	"\xb9\xda\x66\x1a\x5a\x58\x1c\xc3\x1b\x28\xf7\xb4\x12\x24\xfd\xe8"
	"\xc7\x4c\x85\x84\xab\xb6\x1f\x2b\x16\xf4\x31\xd3\x91\x29\x4e\x8b"
	"\x5b\x22\x2f\x98\xc2\x74\x09\xe3\xc7\x30\xbf\x84\x2d\xad\xfd\xc3"
	"\xed\x22\xd7\xbe\xc2\x22\xdb\xc6\x5c\x01\x00\x6b\x5c\x50\x17\x96"
	"\x45\x44\x96\x4f\xee\xb2\xf6\xe1\x57\xc5\x4d\xbe\x30\x4b\x5e\x78"
	"\x2b\x30\x8f\xf4\x4d\x9e\x02\x18\x21\xc3\xb4\x5f\xee\x7f\xe4\x2c"
	"\x28\x1d\x80\x60\xa4\x69\x2d\x3f\xef\x28\xdf\x99\x69\x0a\xd9\x53"
	"\xf4\x8b\x88\xbf\xe8\x25\x44\xc4\x3a\x0f\x95\x13\x88\x97\xde\xb3"
	"\xf2\x10\x52\x99\x21\xf5\xf7\xcb\xbc\xd3\x53\xc0\xcc\x12\xa5\xc5"
	"\xcd\x9c\x40\x61\x02\xaf\x81\x0c\xcf\x73\xa2\x54\x70\x06\x49\x14"
	"\xa1\x46\x93\x7d\xc9\x84\x09\x3b\x87\x85\x3e\x3e\xcb\x06\xb0\xe7"
	"\x53\x36\x85\x89\x94\x49\xcb\xa4\x6b\x99\xbb\x73\xa8\x75\x9a\x97"
	"\x4d\x2d\x0f\x24\x38\x9d\xd3\x22\x3a\xb6\x34\x60\xbb\x3b\x76\xab"
	"\xf0\xa2\x4a\xfd\xca\x17\xb6\xe2\x8b\xb8\xd9\x9a\xe9\xad\x8e\x0b"
	"\x4e\x56\xfb\x35\xea\xc8\xd6\xfb\x88\x54\xd9\xd4\xd7\x5e\x15\xf3"
	"\x4c\x67\x74\x76\xc6\x5a\x37\x78\xdc\x23\x69\x41\x1b\x39\x06\x8e"
	"\xb9\xd5\xa9\x77\x9d\x69\x01\xce\xb5\xa0\x29\x6a\x5a\xd6\xa3\xc0"
	"\xf4\x76\x85\x13\x7b\x95\x9a\x27\xb5\xb8\xc5\xd5\x57\xee\xc3\x80"
	"\xdc\x15\xbb\x25\x4d\x7c\xf9\x1a\xe6\xf5\x97\xf2\x99\x6e\x46\x4c"
	"\xd2\x86\x15\xcf\xde\xa9\xeb\x69\xc4\x29\x2d\x32\xc2\x4c\x35\xd7"
	"\x1e\x05\x80\x29\x5d\x15\x21\x5d\x9f\x4e\x08\x1c\x5c\x78\xa2\x72"
	"\x3f\x7a\x54\x0d\x09\xd2\xec\xe5\xf7\xcb\xd7\x97\xab\xe8\xcc\xdf"
	"\xf2\x47\xc8\xdc\x00\x36\xae\x3e\xe6\x42\x2d\xdc\x80\x3d\x06\xba"
	"\x68\x8a\x28\x62\xda\xd4\xfb\x0d\x9b\xb6\xf5\xce\xe9\x6d\xc9\xfe"
	"\x98\xe0\x18\x66\xff\x38\x95\x65\x0d\xcf\xb9\xd9\x92\x57\xe3\xda"
	"\x0f\xa1\x64\x07\x96\x5a\x4a\xf3\x2b\xef\xed\xfe\xc7\x17\x0c\x61"
	"\xad\x55\xa9\x50\x24\x38\xf8\x3d\x29\x35\xa8\x6f\xad\xd5\x8f\x09"
	"\x93\xa0\xf6\xd9\x84\x88\x17\x76\xf5\xb7\x02\xa6\x9a\xa7\x15\x3b"
	"\x52\x72\xf5\x7a\x7e\x79\x55\x5b\xc0\xca\x31\xac\x49\x20\x03\x30"
	"\x4a\x43\x92\xfc\x20\x8f\xa8\x02\xb7\xd0\x17\xb5\x36\x67\x76\x56"
	"\x91\x31\xf0\xc2\x40\x67\x33\xcc\xc3\x8b\xc7\xd0\x0a\x03\x35\xbe"
	"\x51\xe7\x6a\xa0\x81\x96\xca\xef\x89\x52\x06\xde\x81\x2e\x5a\x5a"
	"\x67\x99\x5b\xdd\xea\xe8\x4c\x3b\xa3\xcd\x21\x23\x8a\x22\xd1\x91"
	"\x39\x3a\x05\x36\x08\x9c\x03\x92\x9d\xca\x60\x20\xa3\x86\x27\x04"
	"\xa5\xf1\x27\x32\x9e\xde\xab\x03\xf1\x9e\xf6\xed\x08\x12\xa0\xce"
	"\x73\x8e\x2d\xca\x3a\x00\xe8\x0e\xa5\x8e\x93\x09\xbd\xa1\x1b\xd3"
	"\x31\xa0\x2e\xd1\xcd\x14\xd8\x56\xaa\xeb\xee\x67\xd2\x2a\x79\xfb"
	"\xf4\x72\xf7\x78\xf5\xe5\xfc\xe9\xed\xdb\xd5\xd7\x7e\x47\x69\x06"
	"\xa8\xf6\x88\x9b\xa3\x0b\xf5\xef\xbb\x0b\xab\x39\xb8\x4a\x35\x23"
	"\x0e\xd8\xeb\x4c\x83\xa1\xc8\x0c\xdd\x04\x74\x76\x82\xe2\x24\x48"
	"\x72\xed\xb8\x00\x32\xd9\x75\x1d\xd6\x21\xdf\xc5\x75\x29\x60\x47"
	"\xb4\x03\x55\x44\x34\x28\xc4\xc7\x64\x7a\x0b\xb4\x21\xf5\x3a\x7b"
	"\xfa\x74\xff\xe3\xdc\xa2\x65\x66\x77\x8f\x77\xdf\x84\x03\xba\x16"
	"\xa5\xb1\x54\x96\x35\x07\x07\x98\x6c\x23\x56\xea\x25\x7b\xb8\x75"
	"\x68\xf6\x73\xfa\xf4\x8d\xe3\x7a\x6b\xeb\x6f\xb1\x3c\x40\x0f\x29"
	"\xf6\x9a\x1f\xe7\x6e\xa0\xff\x21\x23\xc8\x6d\x60\x05\x80\xb4\x53"
	"\xb3\x3b\x21\xdf\x8e\x1c\xe2\x05\xce\xa7\xf7\x86\x24\xf9\x7a\x94"
	"\x98\x90\xc3\x5a\x6a\xeb\xf1\xdc\x14\xae\x75\x95\x3a\xa7\x40\x8b"
	"\xcb\x0c\x99\x50\xa0\x4a\xb0\x66\xe3\xcf\x1d\x09\x9d\x7e\x67\xb2"
	"\xf9\xa0\xf0\x34\x2d\xf2\x75\x0d\xf1\xca\x36\xb3\x2a\x7e\x3c\xb2"
	"\x33\xf5\x3a\xeb\x72\xa3\x8d\xbc\x91\xf6\x05\x51\x6b\x64\x9b\xad"
	"\x9e\xe6\xf2\xe8\xe6\x2e\x3e\xdf\xfd\xf3\xf7\x15\xbd\x7b\xf9\xfb"
	"\xca\xff\xf9\xa6\x9f\x91\x38\x74\x8f\x4c\x06\xb0\xcd\x0c\x80\x26"
	"\xdd\x5c\xf6\xc7\xf7\x60\xbd\xed\x0e\x77\x00\xa2\xd0\x99\xdc\xb9"
	"\x84\x4f\xbc\x0a\xcd\xc4\xd9\x32\x68\x55\x83\xc1\x87\x47\x5f\x49"
	"\x57\x45\x59\x03\xa6\x66\x12\xdd\x76\x0d\x3d\x9c\x9f\x1f\xcf\x3f"
	"\x48\x3d\x34\xf0\x40\xea\x71\xb3\xd8\x9f\x33\x00\x6d\x9c\x9a\x10"
	"\xfe\x8a\xda\x02\x3e\x2d\xf2\x95\x45\x9a\x20\xc9\xd2\x81\x8d\xdd"
	"\x10\x8a\x9b\x14\x84\xf4\x00\x52\x88\x32\xb7\x4b\x3f\x2e\x0a\x5d"
	"\xba\x5e\xe0\x38\x70\x18\x45\xc2\x59\xba\x4e\x47\xf7\xcf\x0f\xff"
	"\xba\x7b\x3e\xeb\x01\x47\x4a\xe2\x27\x4d\x74\xa3\xe2\x88\xf0\x62"
	"\xae\xf6\x62\xcf\xb3\xdd\xd3\x7a\x16\xb2\x93\x4d\xff\x0a\x17\xdd"
	"\x34\x7e\xb4\x17\xf6\x73\x1d\xae\x0e\x00\xa9\x0a\x5c\x3b\xdf\x97"
	"\x96\xff\xbe\x28\xf6\xe0\xb9\x35\xa7\x48\x67\x21\xe1\x58\x1d\x1a"
	"\x77\xca\x6f\xcf\x77\x57\x5f\xbb\x5e\xf7\x71\x6f\xa3\x84\x89\x1a"
	"\x97\xeb\x08\xe4\xa5\x78\x58\x1e\xe7\x54\xf1\x5d\x36\x08\x30\x37"
	"\x41\x0b\x0c\xa5\xa0\x8e\x30\x6d\x9f\x60\x48\x21\x56\x13\xe9\x21"
	"\x8a\xa8\xdd\xc8\xa8\x5e\xac\x00\xac\x26\x60\xcd\x81\x3a\x15\x52"
	"\x44\x1a\xc0\xf2\x3c\xb1\x16\xa4\x53\x12\x57\x79\x13\x7a\xab\x50"
	"\xc2\x9c\xe3\x29\x2b\xc8\x5e\xe2\x27\x12\x6d\xdc\x62\x1b\x05\x07"
	"\xff\xe0\x05\x92\xb3\x21\xfc\x8d\x32\x03\x1e\x9a\xc7\x47\x4e\x7e"
	"\xf5\x4f\x08\x3c\x7c\x62\x23\xf6\x01\x27\x9d\x70\xd2\x3e\x22\xe8"
	"\x1c\x14\xfe\x0c\xd1\xa3\x33\x6d\xc9\x93\x74\xfa\xd3\xae\x77\x26"
	"\xff\xdd\x08\x05\x0f\x0a\x40\x3d\x98\x96\xb2\xff\x4e\x2e\xa5\xd5"
	"\xb4\x58\x33\xa3\x1d\x69\x34\xa3\xc3\x56\x02\x9a\x70\x59\x9a\x6b"
	"\x14\x32\xb5\x82\xca\xf3\xa9\x26\xf9\x07\x01\xf8\x36\x53\x09\x80"
	"\xc7\x82\x17\xb7\xb4\x78\x3a\x62\xfa\xb1\xd0\x15\xda\xd3\xc2\x8f"
	"\x84\x4a\x86\x9a\x08\xd2\x37\x9f\xf4\xeb\x45\xbb\xc0\xe1\x50\x8d"
	"\x94\x1d\x27\xca\x1a\x4f\xdc\x7a\x4a\xed\x58\x24\xa9\xd0\xa7\x24"
	"\xa5\x0b\xf0\xac\xe0\xa0\xb8\x45\xe8\xea\xe0\xe9\x8a\xc1\xf5\x86"
	"\x60\xb4\x24\x4f\x93\x3c\x14\x30\xe6\x12\x0f\x9c\x41\xca\x6c\x76"
	"\x85\x73\x5b\xa8\xe5\xf0\xea\x24\xa5\x49\x3e\xe0\xcd\x49\x0d\xe0"
	"\xc7\xe3\x68\xef\x07\x6a\x41\x22\x0a\x38\xa0\x95\xd4\x04\x57\x10"
	"\x34\xdf\xbe\xae\x0b\x3a\xb2\x27\xf3\x3f\x9b\x3c\xa4\x90\xb0\x59"
	"\x58\x49\x23\xe9\xba\x20\xae\xde\x82\x8d\x89\xeb\x5c\xb1\x89\x0a"
	"\x02\xd6\x51\x41\xa5\x55\x28\xc9\x8a\xeb\x28\x63\xea\x94\xce\x2a"
	"\x21\x28\xa6\xd2\x3c\x9f\xa6\x72\x0e\x22\x5a\x44\xc4\x46\xb6\x0a"
	"\x17\xb5\xd2\xb2\xf2\x59\x11\xc6\xd9\xeb\x92\x54\xd2\xe4\xc0\xe0"
	"\x96\xba\xb7\x4a\x45\x43\x29\x3c\x58\x0b\x0f\x63\xf6\x3f\xbd\x74"
	"\x1a\x78\xc1\x79\x43\x0b\xa3\xcb\x56\x57\x08\xf7\x4a\x76\xea\x0f"
	"\x00\x62\xfe\xdd\xe7\xef\xe7\x17\xd9\x75\x82\x4b\xdb\xe9\xd3\x7a"
	"\xf0\x47\x55\x64\x7f\x06\xc7\x80\x9f\x6f\xc3\xf1\x36\x0a\xe7\x2b"
	"\x76\x8e\xb3\xc2\xe4\x60\x1d\x44\x0a\x49\x44\xc8\x14\xe4\xcf\xc8"
	"\xa5\x7f\xe6\x54\xa9\xb7\x5f\x5c\xb2\x2c\xcc\x48\x50\xc8\x32\xf3"
	"\xa8\xb2\xc0\xdf\x5d\xce\x67\xbf\x08\x42\xc8\xa7\xf4\xde\xb6\x36"
	"\x3a\x7a\x52\x80\xf7\x1a\xd8\x3b\xde\xdd\xbf\x3c\x6d\xb7\xeb\xdd"
	"\x1f\xc6\xbb\xf1\xd2\x1e\x58\x6b\x1a\x6d\x75\x33\xcb\x58\x20\x05"
	"\x14\xa8\x53\xaa\x80\x56\x49\xe0\x50\x93\xe4\xf5\x89\x5d\xd4\xbd"
	"\x30\x7d\xff\xee\xed\xaf\xa7\x4f\xff\x73\xfe\xfc\xda\x3c\xff\xf5"
	"\xf2\xe5\xf3\xdd\xf3\x97\xe6\xfc\xeb\x95\x29\x96\x77\x3f\xfe\x7a"
	"\x19\xb2\x19\x43\x35\xc8\xd2\x01\x52\xdd\x41\x98\x75\xba\x6a\xa0"
	"\x0e\x88\x28\x19\xd4\x82\xc8\x9d\xb0\x07\x21\x5b\x3f\x21\xbb\x12"
	"\x85\xb0\xc1\x58\x9b\x25\x21\x23\x78\xba\x36\x30\x32\xcf\x05\xa6"
	"\xd3\x93\x83\xa5\xc1\x97\x39\x46\xc3\xff\xf6\xfa\x75\xfb\x4e\xfd"
	"\xa4\x38\xa6\xaa\xa2\x81\xd1\x43\xbf\xe7\xa6\x4c\xa0\x41\xe3\xe1"
	"\x63\xcd\x0d\x93\x75\xe1\xb4\xf5\xd2\x44\xa0\x55\x21\xe3\xdc\xb5"
	"\x5a\xf1\xbb\x69\x8b\x3d\x00\x76\x66\x72\x03\x1f\x10\x0f\x16\x2e"
	"\xf2\x53\x56\xa7\xf6\x08\x6d\x1b\xc4\x94\x01\xa6\xd3\x27\xfe\x74"
	"\x3e\x95\x79\xcf\xa9\xa2\x4c\xf0\x82\x49\x9b\x79\xa9\xfc\x1a\x20"
	"\x7c\xda\x5e\xce\x6f\x5f\x9e\x98\xb2\xab\xd9\x84\x80\xf8\xac\x88"
	"\x27\x5e\x74\x40\xdc\xa3\x38\x91\xe9\xea\x42\x96\x8e\x0b\xf9\x0c"
	"\x65\x45\x9e\x48\xb8\xac\x9c\xe4\x1e\xfd\xc9\x07\xfc\x38\x49\x83"
	"\x2a\xcc\xb1\x6f\xd4\xe3\x47\xcd\xb6\x95\xd2\xc4\x89\x96\xd0\x69"
	"\x59\x30\x2d\x2a\x61\x25\x42\x20\x30\x1c\xc1\x1c\xc3\xb3\x96\x2d"
	"\xc4\x9c\xab\xcb\xcb\x4e\xae\x79\x4c\x97\xfe\x28\x02\xec\x5c\x69"
	"\x07\xca\x7e\x3f\x34\x2b\x27\x7f\xea\xf4\x16\x41\xe8\xa4\xca\x10"
	"\xe3\x56\xef\xd9\x11\xea\x21\x82\xb6\xa5\x36\x48\x1a\x39\x0e\x68"
	"\x1f\xbb\xa4\xd9\x27\x7b\x37\xa7\x89\x98\x93\x31\xdc\xbf\x80\xfe"
	"\x93\xa5\x6e\x42\x44\xea\x3f\x91\x97\x47\x3e\xa8\x2a\x78\x11\xc5"
	"\x15\x60\x37\x98\xa1\x45\x13\x5a\x8f\x82\x0d\xca\x8f\xb2\xe8\xfa"
	"\x42\xb8\xb2\x11\x17\x89\xe1\xb9\xa1\xe9\x58\x99\x62\xcd\xa6\x12"
	"\xfc\x2c\xa7\xc0\x77\x43\xa1\x83\xec\x55\x9d\x8a\xb0\xbb\x1a\xbb"
	"\xa5\x61\xe3\x8b\x77\x87\x91\xca\xb4\x46\xc9\xde\xcc\x28\x79\x38"
	"\x29\xc4\xc6\xc8\xaf\xdc\x4c\x1e\x20\x72\x5d\xbb\x24\x46\xea\x39"
	"\xce\xdc\x7d\xb2\x24\x67\x8b\x0f\xbb\xfc\x64\x33\x5d\x2e\x71\xda"
	"\x75\x7e\xb2\x67\xa9\x0e\x4e\xad\x34\x1f\xed\xb6\x21\xf7\x6b\x1f"
	"\x6d\x5e\xe1\xe7\xfe\x31\x4d\xbc\xfe\xbe\x21\x6d\x5b\x41\x67\xb7"
	"\x8d\x9e\xac\xf7\x2b\xec\xf8\x6c\x2d\x9f\xcc\x05\x68\x97\x45\x3a"
	"\x6d\x45\x29\x99\xad\xdb\xc2\x4a\x71\x58\xba\x25\x47\x54\x4d\x42"
	"\x37\x44\x55\x74\x9b\x72\x58\x19\x6d\x19\xaa\x12\xf7\x0c\x8a\x66"
	"\xd2\x97\xeb\x2e\x4b\x1d\x4d\x63\x0e\xe8\x48\x1f\x93\x52\xdb\x8e"
	"\x12\xb0\x89\x0f\xe0\x2d\xe1\xea\x60\xcf\x99\xe6\x0f\xb6\x29\x4c"
	"\x92\xe4\x33\xb7\xe8\x88\x20\x91\x04\x61\x19\x63\x3f\xf2\x13\xac"
	"\x36\xbf\x44\x7f\x53\x04\x2e\x2e\xad\x90\xb9\xc9\xd3\xf1\xb1\x9b"
	"\x92\x4e\xbf\x91\x94\xca\x11\xb9\x53\x8c\x1a\xa6\x18\x49\x03\x30"
	"\xa6\x6d\x10\x0f\x44\x99\x09\x41\x41\x90\x98\xb6\x48\x40\x9d\xc2"
	"\x64\x5e\xc2\x74\xd1\xe7\x2e\x68\xf8\xd6\xb9\xa4\x4d\x08\xae\x8c"
	"\xc2\x74\x49\xc3\x11\xa0\x0c\x85\xc9\xbe\x84\xe9\x92\x21\x40\x60"
	"\x32\x15\xa6\xdd\x32\xd3\xce\xba\xa0\xa6\xdd\x25\x13\xbc\xb3\x2e"
	"\x18\xa7\x9d\x7d\x41\x9b\xb6\x1b\x7c\x9c\xd8\x2d\x10\x16\x7c\xb3"
	"\x5d\xae\xc6\x30\x2f\x69\x36\xe3\xc2\x17\x81\x4b\xfc\x24\xd1\x6f"
	"\xc8\xbe\x25\x86\xba\xc3\x3a\x82\xb9\xd8\x09\x6b\x91\x63\x79\x20"
	"\xd6\x8b\x1c\xce\x22\xc7\x66\x91\x63\xb7\xc8\x61\x2c\x77\xc6\x58"
	"\xee\x8d\x81\x77\xe7\x50\x24\xdb\xa6\x9a\x27\xd7\x28\x19\x92\x5b"
	"\xb3\x33\x5f\x7e\x37\x9d\x70\xf8\x61\x4a\x91\xc0\xa9\x81\x85\xa9"
	"\x74\x75\x55\xcc\x33\x55\x05\xbb\x56\x2d\x7d\xec\xb6\x4a\xd2\x74"
	"\xe1\x73\x7b\x37\x5c\x64\xa9\xc2\xf0\x30\xcb\x91\xb0\x7e\x61\x18"
	"\xf9\x3d\x4f\x5e\x27\x74\x79\xf8\x96\x3a\x45\xeb\xea\xa0\x24\xb2"
	"\x1b\x71\x80\x8d\x43\x8a\x6c\x4f\x75\xaf\x97\x75\x9e\xf8\x4a\x18"
	"\x62\x5b\xd4\xe4\x80\x9f\x9f\x26\x1f\x45\x16\x84\xd9\xf8\xa1\xf6"
	"\x42\xde\xf2\x4e\xee\xa3\xe2\x81\xed\xea\xfb\xdd\xe7\xbf\xef\x1f"
	"\xbf\x75\x10\x34\x3f\x9f\xef\x1f\x5f\xff\x16\xa0\x1b\x0f\xe7\x97"
	"\x6f\xd3\x2c\xe5\xdc\x84\x78\xe0\xae\x46\xd2\xa5\x06\xb4\x35\x78"
	"\x41\x4d\xd9\xb5\x39\xed\x0f\xe8\x8d\xf2\x33\xb8\xe2\x09\xf5\x71"
	"\x78\x1b\x82\x8c\x04\xd3\x5f\xda\x23\xdd\xbd\x28\x68\x57\x01\x37"
	"\xa4\xe8\x5f\x18\x6f\x73\x37\x4b\xfc\xa9\xae\xd6\x85\xae\xfc\x64"
	"\x57\xef\x3f\x5e\x21\x75\xe1\x67\x48\x5d\xf8\xc2\x7b\xf9\x59\x94"
	"\x3f\x4f\x3b\xda\x79\x6c\x44\x85\x9c\xcf\xa0\x2b\x05\xb3\x61\xed"
	"\x87\x58\xe6\x85\x9e\x8d\x5d\x59\x90\x85\x35\x62\x0a\x6e\xdc\x2a"
	"\xb2\x97\xb8\x3c\xaa\xf7\xf5\xdb\x07\x5e\x43\xfc\x2a\x29\xa9\x56"
	"\xb3\x15\xc1\xa4\x60\xef\x65\x95\x95\x80\xda\x40\xc3\x60\x02\xbe"
	"\x90\xd5\xa4\x35\x08\x8d\xec\x5f\x4c\xb3\x16\xbf\x7c\x6f\xaf\x76"
	"\xce\x38\xc4\x8c\x7d\x8d\x1d\x0f\x80\xff\x91\x21\x37\x0c\xa6\xa3"
	"\x8a\x9c\x5e\x44\xef\x9a\x5a\xe7\x35\x09\x03\xa8\xc0\x2b\x52\xe4"
	"\xca\x00\x4b\xa3\xb8\xc9\xb1\x47\x65\xe1\xcf\x82\xdc\x9c\x42\x80"
	"\xf3\x20\x33\x1e\x81\xad\xbb\x86\x78\x64\x81\x3b\x78\x06\x7e\xc2"
	"\xfa\xa7\x7b\x89\x45\x8c\x65\x91\xa7\xb7\xe3\x67\x7c\x5e\x9e\xd3"
	"\x76\xd0\xca\x82\xdb\xdf\x89\x3a\x98\x6d\xf9\x74\x4d\x45\x45\xe5"
	"\xb3\xb1\x0e\xdd\x03\x07\xf8\xf7\xb5\xae\x44\x99\x0b\xc0\x25\xdc"
	"\x15\x67\xfc\x5e\xd2\x17\xf6\x96\xbf\x36\x96\x6c\xf5\xcb\xd0\x71"
	"\x91\xb0\x4a\xc6\x51\xa0\xad\x5f\x0d\xcf\x48\xd4\xd9\xae\xb3\xf3"
	"\xc3\xd3\xf3\xef\xab\x00\xfc\x71\xbe\x09\x11\x21\xcf\x4b\x78\xa2"
	"\x61\x4e\x14\xd9\xa2\x74\x0a\x18\xe1\xe1\xdc\xc7\xa7\x97\x0d\x08"
	"\x29\x72\x2c\x28\x61\xa8\x86\x2d\xa8\x68\x86\xa5\x2a\xb8\x9b\x3d"
	"\x2a\x0e\x05\x57\xe1\xc1\x9b\x1a\x12\xce\x9d\xd6\x5e\xc7\x96\xe3"
	"\x1c\x60\x31\x44\xdf\xc8\xdb\x81\xcc\xc2\x2c\x65\x13\x39\x9d\xe4"
	"\x8e\x32\xb7\x1e\x29\xe0\xcd\xcc\xe5\x69\x01\xae\x63\x36\x67\x7b"
	"\x6a\x79\xc4\x09\x30\x6d\x45\x4b\x98\xa9\xbe\xcd\x66\x0d\xfe\x6a"
	"\x73\xd3\x22\xd6\x29\x5b\x5a\xe5\x8c\xd7\x00\x6b\x13\xf7\xd8\x52"
	"\xf2\xb2\x0e\x04\x9e\x93\xc2\x1d\x3f\xd7\xf9\x3e\xef\x86\xa0\xb6"
	"\x31\xe3\x08\x75\xf8\xed\xe0\x80\x81\xf8\x87\xb5\x3f\x80\xf1\x1d"
	"\xdc\x2f\xfb\x31\x3b\xf8\xc5\x71\xf2\x0d\xf6\x03\x56\x2c\x12\x25"
	"\x35\xa5\x64\x40\x05\xfe\xb9\x69\x8c\x93\xea\x7a\xfa\x1c\xc3\xbd"
	"\xdb\x00\x67\xf7\xed\xa7\x38\x80\xe2\xbb\xc7\xb1\x1b\x4e\xeb\x5c"
	"\x36\xcd\xad\x05\x5e\x65\x28\x31\x76\xab\x40\x21\x36\x05\x78\xad"
	"\xb7\xbe\x3f\xa3\x83\x54\x78\x63\x8d\x7e\xa0\xf8\xb1\xe1\x3c\xcd"
	"\xd1\x4d\xeb\x70\xc0\x56\x1a\x38\x47\x6d\x43\x6b\x53\x79\xd4\xda"
	"\x44\xbb\x9b\x18\x5c\x52\x65\x17\xc4\x4e\xa4\xf5\x24\xae\x7c\x14"
	"\x35\x7d\x6f\x98\x2b\x4d\xb3\x7b\x36\xbc\x67\x32\x8b\xda\x94\x9b"
	"\x6b\x26\xc8\x99\x98\x0f\x0a\xc9\xb2\x2f\x78\x8b\x29\x20\x84\x8e"
	"\xde\xd6\xb9\x92\x89\x5d\xc3\xd7\xfd\xac\xb2\xd3\x29\x98\xf8\xf0"
	"\xf1\x42\xc5\xc1\x15\xca\xb8\xe8\x91\x2c\x5d\x9c\x53\x48\x8c\x90"
	"\x07\xf2\xcc\x9f\x75\xf0\xfd\x43\x18\x96\x0b\xd2\x96\x29\xd4\xd9"
	"\x7f\x2a\xbb\xb2\xe6\xb6\x71\x24\xfc\x57\x5c\x79\xda\xad\xda\xcd"
	"\xc4\x8a\xed\x49\x1e\xf2\x40\x82\x90\xc5\x11\xaf\x10\xa4\x2d\xf9"
	"\x85\xe5\x38\xda\x89\x6a\x27\x76\x4a\xb2\x6b\x67\xf6\xd7\x2f\xba"
	"\x41\x52\x38\xba\xe1\x6c\xd5\x4c\x39\x42\x7f\xc4\x7d\x34\x1a\x7d"
	"\xb8\x5e\x4d\x46\xf5\xb3\x87\x7f\x9f\xce\x83\xb3\xbf\x1d\x7f\xec"
	"\x1f\xc1\xed\xf4\xf1\x1f\x67\xdf\x5f\x9e\x77\x7f\xee\xf4\x3f\x76"
	"\xcf\x0f\x6f\xdf\xbe\xfd\xbb\x1b\xb5\x0a\xf7\xe7\x4e\x73\x18\x9d"
	"\xdc\x48\x15\x5b\x34\x44\xa4\x5a\x7f\x67\x7a\x35\x93\xdb\x5b\x03"
	"\xd2\xdb\x75\x7d\x0b\xb1\xf3\x22\x58\xd4\x4d\x88\x1c\x50\x6d\x7d"
	"\x33\x2b\x20\xd0\x56\xfa\x90\x01\x8c\x0b\x19\x25\x0b\x15\x73\xbb"
	"\x1a\xd8\x52\x55\xe8\x7e\x0f\xb7\xe2\x31\x6f\xd0\x54\x9c\xd9\x79"
	"\xc5\x97\xa4\x17\x36\x06\xb2\x63\x8f\xb9\x53\xe3\x89\xbb\xc1\xcc"
	"\xbc\x59\x8a\xc4\xa7\x2f\x81\xa7\xd1\x5d\xa1\xf9\x32\x25\x65\xa6"
	"\xe7\x55\xab\xef\x4c\x75\x19\xe9\xbd\xb5\x39\x4e\xe3\x87\xa1\xfe"
	"\xff\x46\xb6\x69\xad\xa4\xcf\x6f\xf0\x14\x50\xb3\x0b\xfb\x4a\x77"
	"\x11\x10\x62\xf3\x27\x36\xad\x27\xfd\xc4\xd8\xdc\x11\x9a\xa9\xd7"
	"\x17\x5c\xcd\x1c\x85\x4f\xe9\xad\xe8\x19\x6e\x08\x67\x09\x90\x49"
	"\xa7\x08\xaf\x0d\x99\xfe\x10\x43\xa3\xc5\x11\x5c\x36\x16\x04\x8e"
	"\x62\x3d\xb6\x7a\x08\xa7\x7d\x66\x71\xee\x65\xc2\x5a\x93\x01\x55"
	"\x7e\x56\x11\x95\xca\x71\x71\x7d\x1e\x19\xd5\x36\x60\x51\x3d\xa4"
	"\xd1\xfb\xd1\x4c\x22\x68\xbc\xd2\xed\x82\x0a\xaf\xf4\xa6\x5c\x18"
	"\xb6\xa7\x93\x93\xa7\x19\xfa\x8a\x3d\x8e\x1f\x04\x72\xd6\xe7\x1b"
	"\xa9\x1e\x65\x69\x16\xb0\x2a\x54\xa7\x15\xa5\x4b\xac\xc4\xb6\xab"
	"\x29\xaf\x6e\x55\xdd\x04\x91\x15\x71\x56\x2f\xfb\xca\xdc\x06\xe2"
	"\xd4\xeb\x36\x69\x56\x34\x66\xba\xa9\x2e\x3d\x65\x7e\x93\x81\xe1"
	"\x35\x4a\x01\xaf\xa3\x9a\xe7\x15\xb5\xed\xcb\x05\x21\xf0\xf2\x8b"
	"\xa3\x0c\x48\xbc\x4f\x28\x3f\xe6\xfd\xf8\xa1\xc9\xc5\x7a\xf0\xc4"
	"\xbc\x05\x8c\x8c\xe5\x37\x05\x7d\x0b\x4d\x01\xce\xa6\x4b\x21\xfa"
	"\x06\x02\xbc\xa3\x7a\x75\xdd\xf4\x74\xb1\x18\xab\x54\x8f\xb5\xba"
	"\xcd\xe1\x82\xe4\xb7\x3b\xc8\x68\x4c\x08\xe3\xc3\x2e\x83\x8d\xc9"
	"\xeb\x70\x66\xa3\xc6\x23\x4b\xb3\x5c\xa6\xe6\x8c\xe3\xfd\xf6\xb3"
	"\x66\x43\x96\x3f\x91\x51\x0c\x62\x0e\xdd\x08\x60\x75\xab\x67\x16"
	"\x01\x70\xef\xdb\x13\x5b\x63\x70\xce\xb1\x3e\xce\x81\x71\x9c\x19"
	"\x17\xad\x63\x68\xcf\x31\xb4\x2b\x65\xb5\xa7\xf7\x6f\x81\x81\x63"
	"\x51\x8d\xae\xaa\x2b\xe9\xbd\xb6\x63\x7a\x52\xe9\x85\x05\x12\x81"
	"\xf1\x03\xe6\x6c\x9d\xe1\xe0\xa2\x31\x06\x34\xdc\x48\xa4\x7b\xd2"
	"\x02\xc4\x38\x37\x03\x06\xba\xf3\xf6\xa3\x89\xb7\x46\xe5\xe8\x71"
	"\x28\x4f\x73\xa3\xa7\x93\xd3\x66\x19\xa4\x79\x48\xb7\xdb\x70\xf2"
	"\x0e\xa9\x5e\xfc\xab\x32\x69\x69\x6e\xc3\x5a\x15\xff\x07\x12\x8c"
	"\x67\x3b\xcd\xe2\xb2\x5b\xb9\x19\x59\x79\x03\x7e\xd3\x92\x06\x5f"
	"\xea\x88\xf6\x4f\xab\xc3\xd4\x1f\x03\x18\x3a\xc7\x61\x99\x20\xc3"
	"\x40\x8b\xba\xda\x97\x47\x94\x72\x75\xbb\xe3\xb3\x77\x52\x41\xb5"
	"\xf0\x0c\xd5\xec\x38\xe3\xbd\x06\x21\x2c\x75\xd2\x5a\xd7\xf7\x22"
	"\xd0\x78\x64\x9b\x39\x9b\x2a\x19\xaf\xa2\xfc\xc9\x96\x82\x3e\x21"
	"\x4f\x47\x59\x09\x74\x56\x1c\xa6\x8f\x4f\x38\x4b\x58\xba\xe1\xc1"
	"\xae\x2e\xe2\x12\x53\x6c\xfa\x4a\x6e\xfc\x48\xde\x5e\xdf\x74\x38"
	"\xe0\x2b\x59\x34\x1c\x2f\x81\xb8\xb5\x06\x76\xf5\x86\x07\xa0\x44"
	"\x73\xc9\xd3\xd3\xbc\xe3\xd4\xf5\x91\xde\xf7\x79\xc6\x53\x5b\x7d"
	"\x7d\x5d\x75\xac\x93\x1f\xd3\xd6\x44\xad\x78\x6a\xb1\x2e\x23\x85"
	"\x2b\xb8\x5c\xd6\xcd\x36\x52\xff\x26\xd2\xb8\xa8\xc1\x80\xe9\x67"
	"\xd4\x6f\x8a\xd4\x80\x17\x05\x8f\xe3\x94\x80\xf6\xcd\x5a\x6e\x63"
	"\x83\x54\xd6\x91\x3e\x2c\x65\xc9\x4a\x40\xa6\x32\x80\x7d\x67\x20"
	"\xfa\x73\x86\x5b\x33\x32\x26\xf4\x52\x0b\x2e\xb0\xc0\x95\x81\xa7"
	"\x07\xae\x12\x88\xaa\xfb\x8a\x54\xe5\x3a\x4b\x1d\x89\x84\xfe\x1d"
	"\x93\x0a\xa1\xf9\x9d\x59\xba\xf9\x1d\xee\xe4\xae\x2d\xc9\x28\xc0"
	"\x9c\x80\x55\x3d\x54\x7d\x41\x8f\x40\x60\xc9\x17\x4a\xa0\xc0\x2b"
	"\xd9\x90\x2b\x63\x37\x63\xcb\x9b\xdd\x98\xe4\x5c\xfa\x60\x34\x39"
	"\x41\xa7\x3a\x0b\xaf\x02\x33\x0a\xe7\x21\xe3\xd7\xd1\x83\xe2\x59"
	"\x8a\xc2\x9f\x0b\x36\x3b\x60\x20\x46\x7b\xa0\xec\x27\x72\x2c\xd6"
	"\x6c\xf5\x1d\xd7\x74\x1e\xcd\x0d\x18\xec\x11\xed\x30\xf4\x1e\x69"
	"\xd5\x02\x63\xdf\x46\xba\x83\x0e\x16\x1e\x82\x20\x8e\xb6\x2d\x40"
	"\xf2\x10\x89\x68\xf8\x5a\xa0\x37\x84\x50\x7a\x7c\xea\xc3\x85\x60"
	"\x69\xca\x36\xc8\xf3\x68\xc6\x31\x1e\xdf\xa1\x28\x41\x99\xad\xb9"
	"\x69\xd0\x24\xb7\x31\x46\xc4\x2c\x4c\xb4\x7a\xe7\x83\xad\x21\xd2"
	"\x95\x35\x5a\x08\x8c\x38\xfa\x54\x69\x4b\x7d\xa4\x34\x1d\x9a\x0d"
	"\xb3\x01\xf3\x1c\x14\x96\xc1\x3c\x58\x34\x39\x08\x7d\x26\x4e\x3a"
	"\xcf\xda\x48\x76\xe6\x6a\x0e\xab\x18\xb9\x6e\x63\x53\xce\x8e\xbc"
	"\xdc\x80\x97\x5a\x7c\x31\xec\x8c\x93\x0b\xff\x56\xb7\x89\x5c\xe4"
	"\x50\xfd\x77\x94\xaf\xc7\xaa\x24\x0b\x50\xdf\xf4\x36\x3c\xc7\x82"
	"\xb4\x7d\x7a\x02\x8e\xe4\xac\xdd\x41\x70\xb2\x07\x34\x2c\x5f\xd2"
	"\x96\xbe\x7a\xfc\xf4\x39\x2b\xf4\x64\xd5\xc3\xcd\x09\x5f\xe6\x08"
	"\xf5\x61\x89\xbb\x87\x97\x03\x84\x0f\x08\x9e\xf5\xe0\x3c\x38\xcd"
	"\x0b\xf8\x85\xda\x68\xae\xc5\x30\x9c\xec\xe0\xd7\x43\x73\x89\x1a"
	"\x01\xe7\x3d\xa3\x55\x38\x66\xc1\xb8\x1a\x47\x4d\x48\xcd\x58\xb3"
	"\x10\xb0\xfb\xcf\x56\x43\xad\xcb\xc3\x57\x5a\x45\xea\xba\xea\x2a"
	"\xfa\x7a\xd3\x76\x5f\xf5\xc6\x3c\xa5\x94\xea\x7a\xee\x36\xfa\x11"
	"\x2b\xb0\x55\x9a\xbf\x06\xa5\x6e\xbc\x95\x80\x39\x22\x17\x35\xc5"
	"\x60\x49\x0d\xad\x39\xa3\x51\x05\x8d\x2c\x64\x52\x4f\xdb\x2c\xdb"
	"\x32\x5a\xc4\xe0\x4b\xed\xa6\x0b\xbb\x2a\x21\xba\x70\x03\xea\x94"
	"\xe0\xf5\xa9\x35\xaf\x92\xf6\xc1\x08\x42\x6b\x09\xca\xea\x70\x30"
	"\x00\x7f\x62\xa4\x7b\x49\x20\x2e\x77\x40\x8e\xf6\x6f\x90\x03\xbc"
	"\x3e\xa9\x86\x79\xf8\x5f\xea\x61\x01\xab\x1d\x55\xf7\x2d\x79\x97"
	"\x19\xf9\x10\xc8\x0d\xce\x29\xc3\x37\x5a\x82\x5d\x8a\x8c\x1d\xf0"
	"\xe9\xcd\x2f\xc7\x2f\xfb\xc7\x5f\x5e\x8e\xbb\xc3\xf7\xa7\xaf\xbb"
	"\x7f\x7e\xdb\xfd\xf1\x03\x5c\x8a\xfa\xbd\x35\x5a\x3d\x90\x7d\x3e"
	"\x59\x44\xcc\xc2\xef\x78\xc7\x4f\xf0\xf1\x0c\x8c\x8d\xf4\x0c\x95"
	"\x18\xf3\xd7\x31\x93\x76\x11\xc9\x8d\x18\x26\xd1\x35\x87\x41\xc9"
	"\xb5\x3e\x16\xf5\xfd\xa2\xf3\x65\xe7\x01\x58\xe5\x99\x9e\xad\xc8"
	"\xbe\x02\x97\xac\x3e\x7d\xa4\x9a\x52\x26\xac\x27\x98\x11\xa2\x6f"
	"\x05\xf5\xb6\x8e\x63\x92\x46\x77\x5b\xc9\x9b\x3e\x1b\x54\x51\x27"
	"\x59\x93\x57\x71\xd0\x36\x29\x13\xd2\x74\xe8\xa4\x23\xed\x27\x9d"
	"\x6c\xc9\x28\x62\xa2\xb6\x65\x29\x61\xc1\x7b\xdb\xda\x09\xd2\xb5"
	"\xbd\x1a\xb7\xa0\xd6\x11\xc0\x58\xb9\xf4\x59\xee\xec\x7e\x79\xc9"
	"\xc4\x4e\x20\x1f\x1d\x27\x39\x46\x6c\x3a\x06\x18\x2f\x00\x26\x03"
	"\xfb\xf4\xe6\xb8\xfb\x63\xff\xf8\xf2\xe7\x1b\x4f\x67\xe5\xf0\x75"
	"\x87\x01\x65\x4e\xbb\xbb\xfd\x64\xbd\x7f\xdc\x43\x3c\xbf\xfd\x7f"
	"\xef\xc7\xe8\x97\x73\x93\xf3\x91\x65\x0f\x84\x21\x16\x09\x04\x1c"
	"\x0d\xfa\xe6\xae\x98\x2b\xa9\x03\xbd\x93\x8c\x2e\x14\xe2\xd0\x10"
	"\x11\xce\xc5\xa9\x69\x75\x15\x05\x2f\xe1\x9a\x4b\x63\x67\xa5\x74"
	"\x7d\xa6\xd4\xb3\x81\xd9\xe1\xaf\x1f\xcf\x4f\x67\x0f\x4f\x87\xdd"
	"\xd9\xd3\xe1\xcc\xec\x10\x8e\x4b\x56\x84\xeb\xeb\x56\xa3\xd8\xcc"
	"\xc0\x56\xd2\xf1\x94\xe0\x24\x2f\xc2\x74\x69\x7b\x69\xb0\x12\x43"
	"\x68\x5a\xac\x45\xde\xac\xec\x0d\xcf\xa7\x84\x1f\xc1\xba\x26\x13"
	"\x43\x68\x6b\x4f\xe9\x53\x1a\x09\x9c\x55\x8b\x82\xaa\xb3\x35\x49"
	"\xb8\xda\xaf\x9b\x66\x41\x25\x86\x39\x00\x73\x41\x54\x47\x25\x8e"
	"\x55\xa3\x49\xcd\x56\xfc\x18\x49\x91\x85\x9d\x32\xba\x36\xe0\xd2"
	"\x17\x44\x19\x70\xd0\xd0\xcc\x94\xf3\xe9\xec\x15\x21\x78\x90\x72"
	"\xe1\xd7\xcb\xf3\xc5\x87\xb2\x2f\x82\x2a\x54\x26\xc0\x4c\x98\x48"
	"\x55\xaa\xc1\xbf\x7c\x29\xb3\xf3\x95\x20\x47\xfc\x93\x11\x59\x96"
	"\x86\x12\x99\xf4\xbd\xbe\xc8\x54\x22\xc8\x11\x1a\x1c\x24\xaa\xbc"
	"\xcc\x66\xe7\xe2\x2f\xcf\xdf\x20\xda\xd8\xc3\xfd\xf3\xee\xeb\x99"
	"\x7c\x7c\x80\x35\x08\xac\xec\x7f\xf6\xcf\xdf\xce\x92\xe3\xf1\xe9"
	"\x61\x8f\xa4\xec\xfe\xf9\x9e\x58\x8b\x42\x94\x91\xfe\x14\x25\xd1"
	"\x18\xb1\x4a\xf4\x7f\x8b\x77\x4d\x5d\x6c\xcf\xdf\xd3\x9e\xad\xc7"
	"\x8a\xca\xcf\xf9\x4d\x50\x7d\xa9\xbf\xd6\x5b\xcc\xcd\xd4\x84\x14"
	"\xa3\x05\x03\x53\x61\x71\xc6\x53\x59\x69\xd8\x27\xa2\x6b\x89\x34"
	"\x45\x94\x93\x12\xb5\x2f\x5c\x73\xb8\x70\xf0\x49\xe7\x7c\x23\x75"
	"\xe3\xca\x6f\xa7\xa5\x26\xb7\xb7\x2d\x23\x1c\x9b\xc6\x37\xcb\x93"
	"\xaa\xeb\x43\xaf\x13\xab\xfb\xe3\x37\xae\xed\x9a\x67\x08\x77\x1e"
	"\x93\xe8\xe7\xbf\xf1\xaa\xed\xd3\x6f\x4a\x22\xc8\x73\xb6\xff\xdd"
	"\x38\xd0\xf2\x67\xb1\x78\xbf\x20\xba\x1d\x92\x89\xa2\xd3\x22\x59"
	"\xcb\x45\x1a\x2b\x5d\x7f\xda\x9d\xbf\xcb\xf2\x65\x64\xaa\x8d\xfb"
	"\x6c\x30\x1e\xc4\x24\x0b\x56\x57\x76\xc1\x67\x5c\x66\x97\xd4\x82"
	"\xcc\xf5\x24\x94\x05\xfc\x8d\xe5\xdc\x96\xd9\x39\x17\x7c\xe7\x84"
	"\xe0\x42\xe6\xcc\x88\xc5\xe5\xd5\x2b\x08\xda\xa5\xe9\xb4\x8c\x56"
	"\xc9\x79\xb8\x09\xe8\x25\x78\x79\x45\x25\x5f\x9e\x53\xc3\xa4\x09"
	"\xef\x63\x95\xe8\xae\xdb\xf3\x8f\x8b\x18\xe2\xb6\xb9\x3c\x0f\xa3"
	"\x1e\x8a\xfd\x8f\x6f\x8e\x77\x98\xf9\x08\xa6\x96\x8a\x4e\x1d\xba"
	"\x3c\xba\x52\xaa\x3e\xcd\x63\xec\x41\x2b\x2e\xc8\x59\x58\xdf\x2e"
	"\x73\x46\x82\x3c\x4d\xc3\xa4\x84\x00\x65\x49\x1c\xa3\xba\xcb\xd7"
	"\x00\x57\x7c\xf5\x32\xb2\xd9\xcb\xe0\x48\x09\xf6\x90\x55\x72\x97"
	"\x64\x31\x84\x4a\x0a\x95\x2c\xa2\x53\x6d\xda\x99\xa3\xd9\x48\x19"
	"\x2f\x46\xb6\x8d\xac\xa2\x75\xed\x64\xc2\x77\x80\xbe\x55\xc3\x38"
	"\x84\x27\x99\x49\x3f\x79\x46\x9f\x35\xa1\x21\xf8\xa5\xc3\x1a\xcf"
	"\x5d\xb9\x2c\x9c\xe8\x3b\xd3\x0e\x7e\x57\x13\x5d\xfc\xe1\x62\xc1"
	"\x57\xca\xf8\x19\x09\x8e\x82\xbb\x8b\x55\x74\xf9\x83\x27\x92\xf0"
	"\x45\xeb\xfe\xf1\xeb\xd3\xf7\xb3\xea\xe5\xfb\x97\xdd\x61\x0a\x72"
	"\xef\x05\xb6\x9f\xe7\xb2\xca\x07\xd1\xb4\x74\x04\xbc\xb1\x95\x2d"
	"\xd8\x8b\xcb\xaa\x0f\xda\x89\x14\x66\xbf\x37\xb4\x24\x3e\xdf\x11"
	"\x24\x48\x03\x78\x0b\x11\x94\xfb\x5b\x0e\xf7\x0d\x09\xba\x0f\xae"
	"\x30\xc2\x62\xda\xf0\xc5\xef\xb5\xf2\x67\xa0\x1a\x39\xd7\x9f\x02"
	"\xb7\x9c\x7c\xcd\xc3\x25\xb4\xd9\xa1\xc5\xa1\x7b\x5a\x6b\x13\xe5"
	"\x96\xea\x4f\x79\x83\x71\x22\x45\x92\x94\xf3\xe8\xe1\xa3\xa6\x8a"
	"\xce\x10\xf8\x6e\x0c\x1f\xf1\x4a\xbd\x01\xa9\x2e\x9b\xd7\x20\x42"
	"\xbc\x0a\xd1\xb7\x33\x70\xb9\x2b\xaa\xea\xd2\xf3\x3c\x4a\x66\x98"
	"\xdc\xe4\x7d\x09\x46\x9c\x7c\xe4\x8b\x65\xe9\x5a\x78\xce\xa9\xdc"
	"\x55\xcd\xbd\xeb\x4f\x3e\xc2\x43\x62\xd3\xa7\xc5\x88\x51\x7d\xea"
	"\xc2\x36\x97\xef\x3e\x0e\x42\x82\xc0\x2a\x07\x23\x00\x63\x92\x6f"
	"\x3b\x0a\x58\x0b\xf5\xeb\x6c\x93\x31\x53\x4f\x72\x51\xa4\x9b\x97"
	"\x33\x46\x28\xae\x8c\xaf\x88\x46\x1a\xe7\x3d\xe8\xd5\x0d\x0a\xa3"
	"\x6c\x50\xc4\xee\xf0\xbc\xff\x17\x32\xd2\x47\xf4\x30\x7a\xdc\xff"
	"\xfe\x68\xa2\xab\xa2\x89\x86\x79\xbd\x3e\x59\xf5\x76\xb2\xe4\x05"
	"\x1a\x21\x5d\x7d\x7a\xf3\xc6\xb1\x0a\x06\xba\xf1\x1e\x6a\x75\x02"
	"\x27\xb3\xa9\xab\xcc\x78\xd1\x74\xca\xa3\xd1\x26\x6b\xcd\x96\x89"
	"\x35\xbe\xae\x13\x60\x47\x56\x3e\x5f\xe2\x29\x06\xc3\x60\x68\x7e"
	"\x42\xb3\x03\x86\x1c\x67\x5d\xa6\x62\x24\x59\x84\x4d\xf5\xcb\x40"
	"\xa6\x70\x06\xbc\xc2\x61\xbe\x5f\x90\xc8\x90\xff\x98\x5a\xc4\x50"
	"\xe8\xaa\xd8\xe4\xf8\xa5\xc9\x41\xa6\xc5\x3a\x9a\x59\x25\xeb\x0a"
	"\x40\x3f\x73\xaa\x23\x38\xca\x3a\xcd\xd9\xa6\x64\x08\xd7\xbc\x82"
	"\x39\x64\x5e\xfa\xa7\x03\xb8\xd8\x7f\x39\xdc\x1f\xfe\x3a\x3b\x3c"
	"\xbd\x3c\xef\x1f\xed\x5b\x48\xaa\xb7\x19\xa9\x57\x8c\x92\x94\xae"
	"\x3c\x45\x35\xcf\x06\xf6\x63\xdc\x14\x61\x4d\x75\x6d\x25\x9a\xed"
	"\xb0\x6c\xeb\x72\x72\x29\x45\x40\x0a\x59\x31\xd4\x4a\x82\x4f\x9e"
	"\xdc\x36\xbd\x9e\xa3\xb7\x89\x7c\xc8\xeb\xd2\x76\x2f\x3b\x91\xf2"
	"\xda\x33\x89\x01\xb7\x38\xa2\x6c\x36\x62\x65\x54\x58\x5b\xb9\xb4"
	"\x27\x82\x80\x90\x44\x9d\x73\xe1\x16\xe7\x57\xee\x00\x8a\x21\xbc"
	"\xca\x38\xe4\xbc\xeb\x07\x5a\x7a\x10\xdc\x9f\x60\xce\x46\x54\x63"
	"\x47\x80\xde\x41\x65\xba\xfd\x40\x7c\x6a\x28\x17\x5c\x55\x00\x92"
	"\xb4\xb7\xdc\xb6\x62\x10\x69\xce\xf1\x7a\x82\xcd\xf8\x57\xea\x39"
	"\x24\x4f\xe7\x8b\xa3\x8d\xa5\xdc\x28\x6d\x36\xae\x54\x0d\x85\xbe"
	"\xa1\x69\x85\x49\xc6\x81\x33\xaf\x62\x1c\x24\xa0\x9e\x54\x7a\xf0"
	"\x69\x32\xde\xcd\xe8\x4b\x42\xb3\x0a\x2e\xb3\x89\xa9\x01\x0b\x6a"
	"\xfb\x95\x70\x53\x33\x49\xa5\x5f\x0c\x74\x2a\x85\x06\x6e\x73\x60"
	"\x92\x29\xfc\xe6\x0e\x92\xfd\xdf\xc3\xe6\xc3\x55\x90\x86\x41\xef"
	"\x9a\x10\x9b\x27\xf6\x4e\x38\x26\xea\x2d\x84\x4a\xeb\x56\x7d\x99"
	"\x06\x04\xa5\xcf\xe5\x30\xdf\x54\xfc\x66\x8f\xc2\x98\xca\xf4\xff"
	"\xa9\x6d\xc3\xf5\x9d\x1d\x58\xdb\x22\xa4\x9a\xb0\x20\x29\xc5\x5d"
	"\x99\x90\x84\xcd\x1d\x83\xaf\x99\xf4\x8b\x70\x03\x21\x9e\xeb\x5a"
	"\x09\x46\x0e\x75\x51\x97\xb6\xbb\x3f\x3b\x15\xde\x5a\x3f\x30\x24"
	"\x5d\xa0\x45\x82\xe7\x72\x25\x61\x82\x53\x69\xc3\xba\x6c\xc8\xf4"
	"\xb4\x24\x93\x97\xca\x0e\x2b\xae\x54\x2d\x72\xbd\x21\xe3\x86\xdd"
	"\x26\x5b\x7b\x13\x57\xb0\x61\xca\xd2\x4f\x1a\x43\x43\x34\x6e\x7a"
	"\x56\x3a\xd2\x61\x75\x5d\x44\x6c\x14\x40\x19\xb0\xaa\xeb\x66\xe0"
	"\xc2\x94\x02\x00\x2c\xbe\x18\x1f\x8c\xa0\x38\xd7\x3a\x55\xc8\x3e"
	"\xdb\xe7\x49\x51\x3b\x32\x3d\xf8\x1d\x5b\xda\x55\xe1\xba\x42\x11"
	"\xc5\xdd\xd0\x25\xae\x58\xb0\x6e\x33\x46\x08\x94\x31\x5a\x0f\xa0"
	"\x97\xd3\xd4\x05\xe5\x02\xac\x6c\x72\xbd\x6f\x58\x7c\x60\xf8\x62"
	"\xa6\xe9\x4b\xdb\x17\x37\x78\x4a\x37\x91\x3b\x5a\xf7\x39\xfc\x3a"
	"\xb4\xd6\x3d\x91\x9a\xba\x2e\xbc\xc3\x0d\x4d\xc4\x30\x0e\x71\x6e"
	"\xbb\xaa\x37\x9a\x7b\x6e\x48\xc6\x76\x8a\xd2\xce\xf4\xdb\x3a\xc9"
	"\x5b\xdf\x04\x08\xd2\x74\x87\xdb\x62\xef\x65\x03\xa2\x68\x4b\x69"
	"\x6c\x34\x9c\xd2\x88\xff\x01\x39\x64\x9c\x9d\x35\xac\x02\x00"
MAGIC_END;
